<?xml version="1.0" encoding="utf-8" ?>
<CLASS name="DERIVATIVES OF AMINOSALICYLIC ACID (ASA)" code="A07EC-001">
<SOURCE>
<CLINICAL_SOURCE>ANSM</CLINICAL_SOURCE>
<SOURCE_FILE>49</SOURCE_FILE>
</SOURCE>
<DRUG name="Mesalazine" rxnorm="52582">
<ATC code="A07EC02" />
</DRUG>
<DRUG name="Olsalazine" rxnorm="32385">
<ATC code="A07EC03" />
</DRUG>
<DRUG name="4-aminosalicylic acid" rxnorm="7833">
<ATC code="J04AA01" />
</DRUG>
<DRUG name="Sulfasalazine" rxnorm="9524">
<ATC code="A07EC01" />
</DRUG>
</CLASS>
