<?xml version="1.0" encoding="utf-8" ?>
<INTERACTIONS>
<INTERACTION>
<SOURCE>
<CLINICAL_SOURCE>ANSM</CLINICAL_SOURCE>
<SOURCE_FILE>142-COLISTIN.html
</SOURCE_FILE>
</SOURCE>
<DRUG1>
<DRUG name="COLISTIN" rxcui="2709">
<ATC code="A07AA10" />
<ATC code="J01XB01" />
</DRUG>
</DRUG1>
<DRUG2>
<CLASS name="CURARES" code="M03A-001" /></DRUG2>
<DESCRIPTION>Increase of the effects of the curares when the antibiotic is administered by parenteral and/or peritoneal route before, during, or after the curarizing agent</DESCRIPTION>
<SEVERITY>Precaution for use</SEVERITY>
<COMMENT>Monitor the degree of curarization at the end of anesthesia.</COMMENT>
</INTERACTION>
</INTERACTIONS>
