<?xml version="1.0" encoding="utf-8" ?>
<INTERACTIONS>
<INTERACTION>
<SOURCE>
<CLINICAL_SOURCE>ANSM</CLINICAL_SOURCE>
<SOURCE_FILE>161-DARIFENACIN.html
</SOURCE_FILE>
</SOURCE>
<DRUG1>
<DRUG name="DARIFENACIN" rxcui="136198">
<ATC code="G04BD10" />
</DRUG>
</DRUG1>
<DRUG2>
<DRUG name="FLECAINIDE" rxcui="4441">
<ATC code="C01BC04" />
</DRUG>
</DRUG2>
<DESCRIPTION>Increase of the plasma concentrations of felcainide, with risk of overdose, due to decrease of its hepatic metabolism by the darifenacin</DESCRIPTION>
<SEVERITY>Precaution for use</SEVERITY>
<COMMENT>Clinical monitoring and reduction of the dosage of the flecainide during the treatment with darifenacin.</COMMENT>
</INTERACTION>
<INTERACTION>
<SOURCE>
<CLINICAL_SOURCE>ANSM</CLINICAL_SOURCE>
<SOURCE_FILE>161-DARIFENACIN.html
</SOURCE_FILE>
</SOURCE>
<DRUG1>
<DRUG name="DARIFENACIN" rxcui="136198">
<ATC code="G04BD10" />
</DRUG>
</DRUG1>
<DRUG2>
<DRUG name="METOPROLOL" rxcui="6918">
<ATC code="C07AB02" />
<ATC code="C07FB02" />
<ATC code="C07CB02" />
<ATC code="C07BB02" />
<ATC code="C07BB52" />
<ATC code="C07AB52" />
</DRUG>
</DRUG2>
<DESCRIPTION>Increase of the plasma concentrations of the metoprolol, with risk of overdose, due to decrease of its hepatic metabolism by the darifenacin</DESCRIPTION>
<SEVERITY>Precaution for use</SEVERITY>
<COMMENT>Clinical monitoring and reduction of the dosage of the metoprolol during the treatment with darifenacin.</COMMENT>
</INTERACTION>
<INTERACTION>
<SOURCE>
<CLINICAL_SOURCE>ANSM</CLINICAL_SOURCE>
<SOURCE_FILE>161-DARIFENACIN.html
</SOURCE_FILE>
</SOURCE>
<DRUG1>
<DRUG name="DARIFENACIN" rxcui="136198">
<ATC code="G04BD10" />
</DRUG>
</DRUG1>
<DRUG2>
<DRUG name="PROPAFENONE" rxcui="8754">
<ATC code="C01BC03" />
</DRUG>
</DRUG2>
<DESCRIPTION>Increase of the plasma concentrations of propafenone, with risk of overdose, due to decrease of its hepatic metabolism by the darifenacin</DESCRIPTION>
<SEVERITY>Precaution for use</SEVERITY>
<COMMENT>Clinical monitoring and reduction of the dosage of the propafenone during the treatment with darifenacin.</COMMENT>
</INTERACTION>
</INTERACTIONS>
