<?xml version="1.0" encoding="utf-8" ?>
<INTERACTIONS>
<INTERACTION>
<SOURCE>
<CLINICAL_SOURCE>ANSM</CLINICAL_SOURCE>
<SOURCE_FILE>177-DIHYDROERGOTAMINE.html
</SOURCE_FILE>
</SOURCE>
<DRUG1>
<DRUG name="DIHYDROERGOTAMINE" rxcui="3418">
<ATC code="N02CA01" />
</DRUG>
</DRUG1>
<DRUG2>
<DRUG name="DALFOPRISTIN" rxcui="229369">
<ATC code="J01FG02" />
</DRUG>
</DRUG2>
<DESCRIPTION>Ergotism with possibility of necrosis of the extremities (inhibition of the hepatic metabolism of the alkaloid of ergot of rye).</DESCRIPTION>
<SEVERITY>CONTRAINDICATION</SEVERITY>
</INTERACTION>
<INTERACTION>
<SOURCE>
<CLINICAL_SOURCE>ANSM</CLINICAL_SOURCE>
<SOURCE_FILE>177-DIHYDROERGOTAMINE.html
</SOURCE_FILE>
</SOURCE>
<DRUG1>
<DRUG name="DIHYDROERGOTAMINE" rxcui="3418">
<ATC code="N02CA01" />
</DRUG>
</DRUG1>
<DRUG2>
<DRUG name="DILTIAZEM" rxcui="3443">
<ATC code="C08DB01" />
</DRUG>
</DRUG2>
<DESCRIPTION>Ergotism with possibility of necrosis of the extremities (inhibition of the hepatic metabolism of the alkaloid of ergot of rye).</DESCRIPTION>
<SEVERITY>CONTRAINDICATION </SEVERITY>
</INTERACTION>
<INTERACTION>
<SOURCE>
<CLINICAL_SOURCE>ANSM</CLINICAL_SOURCE>
<SOURCE_FILE>177-DIHYDROERGOTAMINE.html
</SOURCE_FILE>
</SOURCE>
<DRUG1>
<DRUG name="DIHYDROERGOTAMINE" rxcui="3418">
<ATC code="N02CA01" />
</DRUG>
</DRUG1>
<DRUG2>
<DRUG name="EFAVIRENZ" rxcui="195085">
<ATC code="J05AG03" />
<ATC code="J05AR06" />
</DRUG>
</DRUG2>
<DESCRIPTION>Ergotism with possibility of necrosis of the extremities (inhibition of the hepatic metabolism of the alkaloid of ergot of rye).</DESCRIPTION>
<SEVERITY>CONTRAINDICATION</SEVERITY>
</INTERACTION>
<INTERACTION>
<SOURCE>
<CLINICAL_SOURCE>ANSM</CLINICAL_SOURCE>
<SOURCE_FILE>177-DIHYDROERGOTAMINE.html
</SOURCE_FILE>
</SOURCE>
<DRUG1>
<DRUG name="DIHYDROERGOTAMINE" rxcui="3418">
<ATC code="N02CA01" />
</DRUG>
</DRUG1>
<DRUG2>
<CLASS name="MACROLIDES (EXCEPT SPIRAMYCIN)" code="J01FA" /></DRUG2>
<DESCRIPTION>Ergotism with possibility of necrosis of the extremities (inhibition of the hepatic elimination of the alkaloid of ergot of rye).</DESCRIPTION>
<SEVERITY>CONTRAINDICATION</SEVERITY>
</INTERACTION>
<INTERACTION>
<SOURCE>
<CLINICAL_SOURCE>ANSM</CLINICAL_SOURCE>
<SOURCE_FILE>177-DIHYDROERGOTAMINE.html
</SOURCE_FILE>
</SOURCE>
<DRUG1>
<DRUG name="DIHYDROERGOTAMINE" rxcui="3418">
<ATC code="N02CA01" />
</DRUG>
</DRUG1>
<DRUG2>
<DRUG name="QUINUPRISTINE" rxcui="135098">
<ATC code="J01FG02" />
</DRUG>
</DRUG2>
<DESCRIPTION>Ergotism with possibility of necrosis of the extremities (inhibition of the hepatic metabolism of the alkaloid of ergot of rye).</DESCRIPTION>
<SEVERITY>CONTRAINDICATION</SEVERITY>
</INTERACTION>
<INTERACTION>
<SOURCE>
<CLINICAL_SOURCE>ANSM</CLINICAL_SOURCE>
<SOURCE_FILE>177-DIHYDROERGOTAMINE.html
</SOURCE_FILE>
</SOURCE>
<DRUG1>
<DRUG name="DIHYDROERGOTAMINE" rxcui="3418">
<ATC code="N02CA01" />
</DRUG>
</DRUG1>
<DRUG2>
<DRUG name="STIRIPENTOL" rxcui="37119">
<ATC code="N03AX17" />
</DRUG>
</DRUG2>
<DESCRIPTION>Ergotism with possibility of necrosis of the extremities (inhibition of the hepatic elimination of the alkaloid of ergot of rye).</DESCRIPTION>
<SEVERITY>CONTRAINDICATION</SEVERITY>
</INTERACTION>
<INTERACTION>
<SOURCE>
<CLINICAL_SOURCE>ANSM</CLINICAL_SOURCE>
<SOURCE_FILE>177-DIHYDROERGOTAMINE.html
</SOURCE_FILE>
</SOURCE>
<DRUG1>
<DRUG name="DIHYDROERGOTAMINE" rxcui="3418">
<ATC code="N02CA01" />
</DRUG>
</DRUG1>
<DRUG2>
<DRUG name="TRICLABENDAZOLE" rxcui="38608">
<ATC code="P02BX04" />
</DRUG>
</DRUG2>
<DESCRIPTION>Ergotism with possibility of necrosis of the extremities (inhibition of the hepatic metabolism of the alkaloid of ergot of rye).</DESCRIPTION>
<SEVERITY>CONTRAINDICATION </SEVERITY>
<COMMENT>Wait 24 hours between stopping the triclabendazole and the dose of the medication derived from ergot of rye, and the reverse.</COMMENT>
</INTERACTION>
<INTERACTION>
<SOURCE>
<CLINICAL_SOURCE>ANSM</CLINICAL_SOURCE>
<SOURCE_FILE>177-DIHYDROERGOTAMINE.html
</SOURCE_FILE>
</SOURCE>
<DRUG1>
<DRUG name="DIHYDROERGOTAMINE" rxcui="3418">
<ATC code="N02CA01" />
</DRUG>
</DRUG1>
<DRUG2>
<DRUG name="VORICONAZOLE" rxcui="121243">
<ATC code="J02AC03" />
</DRUG>
</DRUG2>
<DESCRIPTION>Ergotism with possibility of necrosis of the extremities (inhibition of the hepatic metabolism of the alkaloid of ergot of rye).</DESCRIPTION>
<SEVERITY>CONTRAINDICATION</SEVERITY>
</INTERACTION>
</INTERACTIONS>
