<?xml version="1.0" encoding="utf-8" ?>
<INTERACTIONS>
<INTERACTION>
<SOURCE>
<CLINICAL_SOURCE>ANSM</CLINICAL_SOURCE>
<SOURCE_FILE>192-DOMPERIDONE.html
</SOURCE_FILE>
</SOURCE>
<DRUG1>
<DRUG name="DOMPERIDONE" rxcui="3626">
<ATC code="A03FA03" />
</DRUG>
</DRUG1>
<DRUG2>
<DRUG name="FLUCONAZOLE" rxcui="4450">
<ATC code="J02AC01" />
</DRUG>
</DRUG2>
<DESCRIPTION>Risk of problems with ventricular rhythm, especially of torsades de pointes</DESCRIPTION>
<SEVERITY>CONTRAINDICATION</SEVERITY>
</INTERACTION>
<INTERACTION>
<SOURCE>
<CLINICAL_SOURCE>ANSM</CLINICAL_SOURCE>
<SOURCE_FILE>192-DOMPERIDONE.html
</SOURCE_FILE>
</SOURCE>
<DRUG1>
<DRUG name="DOMPERIDONE" rxcui="3626">
<ATC code="A03FA03" />
</DRUG>
</DRUG1>
<DRUG2>
<CLASS name="STRONG INHIBITORS OF CYP3A4" code="J02-J05" /></DRUG2>
<DESCRIPTION>Increase of the plasma concentrations of domperidone due to decrease of its hepatic metabolism by the inhibitor</DESCRIPTION>
<SEVERITY>CONTRAINDICATION</SEVERITY>
</INTERACTION>
</INTERACTIONS>
