<?xml version="1.0" encoding="utf-8" ?>
<INTERACTIONS>
<INTERACTION>
<SOURCE>
<CLINICAL_SOURCE>ANSM</CLINICAL_SOURCE>
<SOURCE_FILE>193-DOPAMINERGICS.html
</SOURCE_FILE>
</SOURCE>
<DRUG1>
<CLASS name="DOPAMINERGICS" code="N04B-002" /></DRUG1>
<DRUG2>
<CLASS name="ANTIEMITIC NEUROLEPTICS" code="A03FA-001" /></DRUG2>
<DESCRIPTION>Reciprocal antagonism between the dopaminergic and the neuropleptic</DESCRIPTION>
<SEVERITY>CONTRAINDICATION</SEVERITY>
<COMMENT>Use an antiemetic that does not have extrapyramidal effects. </COMMENT>
</INTERACTION>
<INTERACTION>
<SOURCE>
<CLINICAL_SOURCE>ANSM</CLINICAL_SOURCE>
<SOURCE_FILE>193-DOPAMINERGICS.html
</SOURCE_FILE>
</SOURCE>
<DRUG1>
<CLASS name="DOPAMINERGICS" code="N04B-002" /></DRUG1>
<DRUG2>
<DRUG name="TETRABENAZINE" rxcui="10390">
<ATC code="N07XX06" />
</DRUG>
</DRUG2>
<DESCRIPTION>Reciprocal antagonism between the dopaminergic and the tetrabenazine</DESCRIPTION>
<SEVERITY>Not recommended</SEVERITY>
</INTERACTION>
</INTERACTIONS>
