<?xml version="1.0" encoding="utf-8" ?>
<INTERACTIONS>
<INTERACTION>
<SOURCE>
<CLINICAL_SOURCE>ANSM</CLINICAL_SOURCE>
<SOURCE_FILE>194-DOPAMINERGICS,-EXCEPT-PARKINSON.html
</SOURCE_FILE>
</SOURCE>
<DRUG1>
<CLASS name="DOPAMINERGICS, EXCEPT PARKINSON" code="G02CB-002" /></DRUG1>
<DRUG2>
<CLASS name="ANTIPSYCHOTIC NEUROLEPTICS (EXCEPT CLOZAPINE)" code="N05A-001" /></DRUG2>
<DESCRIPTION>Reciprocal antagonism of the dopamine agonist and the neuroleptics</DESCRIPTION>
<SEVERITY>CONTRAINDICATION</SEVERITY>
</INTERACTION>
</INTERACTIONS>
