<?xml version="1.0" encoding="utf-8" ?>
<INTERACTIONS>
<INTERACTION>
<SOURCE>
<CLINICAL_SOURCE>ANSM</CLINICAL_SOURCE>
<SOURCE_FILE>206-ENTACAPONE.html
</SOURCE_FILE>
</SOURCE>
<DRUG1>
<DRUG name="ENTACAPONE" rxcui="60307">
<ATC code="N04BX02" />
</DRUG>
</DRUG1>
<DRUG2>
<DRUG name="IRON" rxcui="1431589">
<ATC code="B03A" />
</DRUG>
</DRUG2>
<DESCRIPTION>Decrease of the digestive absorption of the entacapone and of the iron due to chelation of the latter by the entacapone</DESCRIPTION>
<SEVERITY>Precaution for use</SEVERITY>
<COMMENT>Take the iron salts at a different time from the entacapone (more than 2 hours apart if possible).</COMMENT>
</INTERACTION>
</INTERACTIONS>
