<?xml version="1.0" encoding="utf-8" ?>
<INTERACTIONS>
<INTERACTION>
<SOURCE>
<CLINICAL_SOURCE>ANSM</CLINICAL_SOURCE>
<SOURCE_FILE>232-FLUCONAZOLE.html
</SOURCE_FILE>
</SOURCE>
<DRUG1>
<DRUG name="FLUCONAZOLE" rxcui="4450">
<ATC code="D01AC15" />
<ATC code="J02AC01" />
</DRUG>
</DRUG1>
<DRUG2>
<DRUG name="ALFENTANIL" rxcui="480">
<ATC code="N01AH02" />
</DRUG>
</DRUG2>
<DESCRIPTION>Increase of the opioid analgesic&#39;s effect of respiratory depression due to decrease of its hepatic metabolism</DESCRIPTION>
<SEVERITY>Precaution for use</SEVERITY>
<COMMENT>Adjust the dosage of the alfentanil when there is treatment with the fluconazole</COMMENT>
</INTERACTION>
<INTERACTION>
<SOURCE>
<CLINICAL_SOURCE>ANSM</CLINICAL_SOURCE>
<SOURCE_FILE>232-FLUCONAZOLE.html
</SOURCE_FILE>
</SOURCE>
<DRUG1>
<DRUG name="FLUCONAZOLE" rxcui="4450">
<ATC code="D01AC15" />
<ATC code="J02AC01" />
</DRUG>
</DRUG1>
<DRUG2>
<DRUG name="AMIODARONE" rxcui="703">
<ATC code="C01BD01" />
</DRUG>
</DRUG2>
<DESCRIPTION>Risk of lengthening of the QT interval</DESCRIPTION>
<SEVERITY>Precaution for use</SEVERITY>
<COMMENT>Clinical monitoring, especially with strong doses of fluconazole (800 mg/day)</COMMENT>
</INTERACTION>
<INTERACTION>
<SOURCE>
<CLINICAL_SOURCE>ANSM</CLINICAL_SOURCE>
<SOURCE_FILE>232-FLUCONAZOLE.html
</SOURCE_FILE>
</SOURCE>
<DRUG1>
<DRUG name="FLUCONAZOLE" rxcui="4450">
<ATC code="D01AC15" />
<ATC code="J02AC01" />
</DRUG>
</DRUG1>
<DRUG2>
<CLASS name="VITAMIN K ANTAGONISTS" code="B01AA-001" /></DRUG2>
<DESCRIPTION>Increase of the effect of the vitamin K antagonist and of the risk of hemorrhage</DESCRIPTION>
<SEVERITY>Precaution for use</SEVERITY>
<COMMENT>More frequent testing of the INR. Possible adjustment of the dosage of the vitamin K antagonist during the treatment with the fluconazole and a week after it is stopped. </COMMENT>
</INTERACTION>
<INTERACTION>
<SOURCE>
<CLINICAL_SOURCE>ANSM</CLINICAL_SOURCE>
<SOURCE_FILE>232-FLUCONAZOLE.html
</SOURCE_FILE>
</SOURCE>
<DRUG1>
<DRUG name="FLUCONAZOLE" rxcui="4450">
<ATC code="D01AC15" />
<ATC code="J02AC01" />
</DRUG>
</DRUG1>
<DRUG2>
<DRUG name="APIXABAN " rxcui="1364430">
<ATC code="B01AF02" />
</DRUG>
</DRUG2>
<DESCRIPTION>Increase of the plasma concentrations of the apixaban by the flucoonazole, with increase of the risk of bleeding</DESCRIPTION>
<SEVERITY>Not recommended</SEVERITY>
</INTERACTION>
<INTERACTION>
<SOURCE>
<CLINICAL_SOURCE>ANSM</CLINICAL_SOURCE>
<SOURCE_FILE>232-FLUCONAZOLE.html
</SOURCE_FILE>
</SOURCE>
<DRUG1>
<DRUG name="FLUCONAZOLE" rxcui="4450">
<ATC code="D01AC15" />
<ATC code="J02AC01" />
</DRUG>
</DRUG1>
<DRUG2>
<DRUG name="CARBAMAZEPINE" rxcui="2002">
<ATC code="N03AF01" />
</DRUG>
</DRUG2>
<DESCRIPTION>For doses of fluconazole &gt;=200 mg per day: possible increase of the undesirable effects of the carbamazepine</DESCRIPTION>
<SEVERITY>Precaution for use</SEVERITY>
<COMMENT>Adjust the dosage of carbamazepine, during and after the end of the antifungal treatment</COMMENT>
</INTERACTION>
<INTERACTION>
<SOURCE>
<CLINICAL_SOURCE>ANSM</CLINICAL_SOURCE>
<SOURCE_FILE>232-FLUCONAZOLE.html
</SOURCE_FILE>
</SOURCE>
<DRUG1>
<DRUG name="FLUCONAZOLE" rxcui="4450">
<ATC code="D01AC15" />
<ATC code="J02AC01" />
</DRUG>
</DRUG1>
<DRUG2>
<DRUG name="DOMPERIDONE" rxcui="3626">
<ATC code="A03FA03" />
</DRUG>
</DRUG2>
<DESCRIPTION>Risk of ventricular arrhythmias, especially of torsades de pointes</DESCRIPTION>
<SEVERITY>CONTRAINDICATION</SEVERITY>
</INTERACTION>
<INTERACTION>
<SOURCE>
<CLINICAL_SOURCE>ANSM</CLINICAL_SOURCE>
<SOURCE_FILE>232-FLUCONAZOLE.html
</SOURCE_FILE>
</SOURCE>
<DRUG1>
<DRUG name="FLUCONAZOLE" rxcui="4450">
<ATC code="D01AC15" />
<ATC code="J02AC01" />
</DRUG>
</DRUG1>
<DRUG2>
<CLASS name="IMMUNOSUPPRESSANTS" code="L04A" /></DRUG2>
<DESCRIPTION>Risk of increase of the blood concentrations of the immunosuppressant due to inhibition of its metabolism and of the creatinemia</DESCRIPTION>
<SEVERITY>Precaution for use</SEVERITY>
<COMMENT>Blood concentration dosage of the immunosuppressant, testing of renal function, and adjustment of the immunosuppressant's dosage during the administration of the substances together and after it is stopped. </COMMENT>
</INTERACTION>
<INTERACTION>
<SOURCE>
<CLINICAL_SOURCE>ANSM</CLINICAL_SOURCE>
<SOURCE_FILE>232-FLUCONAZOLE.html
</SOURCE_FILE>
</SOURCE>
<DRUG1>
<DRUG name="FLUCONAZOLE" rxcui="4450">
<ATC code="D01AC15" />
<ATC code="J02AC01" />
</DRUG>
</DRUG1>
<DRUG2>
<DRUG name="IVACAFTOR" rxcui="1243041">
<ATC code="R07AX02" />
</DRUG>
</DRUG2>
<DESCRIPTION>Increase of the concentrations of ivacaftor, with risks of increase of its undesirable effects</DESCRIPTION>
<SEVERITY>Precaution for use</SEVERITY>
<COMMENT>Reduce the dose by half, that is 150 mg/day.</COMMENT>
</INTERACTION>
<INTERACTION>
<SOURCE>
<CLINICAL_SOURCE>ANSM</CLINICAL_SOURCE>
<SOURCE_FILE>232-FLUCONAZOLE.html
</SOURCE_FILE>
</SOURCE>
<DRUG1>
<DRUG name="FLUCONAZOLE" rxcui="4450">
<ATC code="D01AC15" />
<ATC code="J02AC01" />
</DRUG>
</DRUG1>
<DRUG2>
<DRUG name="LOSARTAN" rxcui="52175">
<ATC code="C09CA01" />
<ATC code="C09DB06" />
<ATC code="C09DA01" />
</DRUG>
</DRUG2>
<DESCRIPTION>Risk of decrease of the effectiveness of the losartan, due to inhibition of the formation of its active metabolite by the fluconazole</DESCRIPTION>
<SEVERITY>Take into account</SEVERITY>
</INTERACTION>
<INTERACTION>
<SOURCE>
<CLINICAL_SOURCE>ANSM</CLINICAL_SOURCE>
<SOURCE_FILE>232-FLUCONAZOLE.html
</SOURCE_FILE>
</SOURCE>
<DRUG1>
<DRUG name="FLUCONAZOLE" rxcui="4450">
<ATC code="D01AC15" />
<ATC code="J02AC01" />
</DRUG>
</DRUG1>
<DRUG2>
<DRUG name="NEVIRAPINE" rxcui="53654">
<ATC code="J05AG01" />
<ATC code="J05AR07" />
<ATC code="J05AR05" />
</DRUG>
</DRUG2>
<DESCRIPTION>Doubling of the concentrations of nevirapine with risk of increase of its undesirable effects</DESCRIPTION>
<SEVERITY>Precaution for use</SEVERITY>
<COMMENT>Clinical monitoring and possible adjustment of the dosage of the nevirapine.</COMMENT>
</INTERACTION>
<INTERACTION>
<SOURCE>
<CLINICAL_SOURCE>ANSM</CLINICAL_SOURCE>
<SOURCE_FILE>232-FLUCONAZOLE.html
</SOURCE_FILE>
</SOURCE>
<DRUG1>
<DRUG name="FLUCONAZOLE" rxcui="4450">
<ATC code="D01AC15" />
<ATC code="J02AC01" />
</DRUG>
</DRUG1>
<DRUG2>
<DRUG name="OLAPARIB" rxcui="1597582">
<ATC code="L01XX46" />
</DRUG>
</DRUG2>
<DESCRIPTION>Increase of the plasma concentrations of olaparib by the fluconazole</DESCRIPTION>
<SEVERITY>Not recommended</SEVERITY>
<COMMENT>If administering these medications together cannot be avoided, limit the dose of olaparib to 200mg twice a day.</COMMENT>
</INTERACTION>
<INTERACTION>
<SOURCE>
<CLINICAL_SOURCE>ANSM</CLINICAL_SOURCE>
<SOURCE_FILE>232-FLUCONAZOLE.html
</SOURCE_FILE>
</SOURCE>
<DRUG1>
<DRUG name="FLUCONAZOLE" rxcui="4450">
<ATC code="D01AC15" />
<ATC code="J02AC01" />
</DRUG>
</DRUG1>
<DRUG2>
<CLASS name="PHENYTOIN (AND, BY EXTRAPOLATION, FOSPHENYTOIN)" code="N03AB" /></DRUG2>
<DESCRIPTION>Increase of the plasma oncentrations of phenytoin that can reach toxic values. Mechanism proposed: inhibition of the hepatic metabolism of the phenytoin</DESCRIPTION>
<SEVERITY>Precaution for use</SEVERITY>
<COMMENT>Strict clinical and biological monitoring.</COMMENT>
</INTERACTION>
<INTERACTION>
<SOURCE>
<CLINICAL_SOURCE>ANSM</CLINICAL_SOURCE>
<SOURCE_FILE>232-FLUCONAZOLE.html
</SOURCE_FILE>
</SOURCE>
<DRUG1>
<DRUG name="FLUCONAZOLE" rxcui="4450">
<ATC code="D01AC15" />
<ATC code="J02AC01" />
</DRUG>
</DRUG1>
<DRUG2>
<DRUG name="PIMOZIDE" rxcui="8331">
<ATC code="N05AG02" />
</DRUG>
</DRUG2>
<DESCRIPTION>Increased risk of disorders of ventricular rhythm, especially of torsades de pointes.</DESCRIPTION>
<SEVERITY>CONTRAINDICATION</SEVERITY>
</INTERACTION>
<INTERACTION>
<SOURCE>
<CLINICAL_SOURCE>ANSM</CLINICAL_SOURCE>
<SOURCE_FILE>232-FLUCONAZOLE.html
</SOURCE_FILE>
</SOURCE>
<DRUG1>
<DRUG name="FLUCONAZOLE" rxcui="4450">
<ATC code="D01AC15" />
<ATC code="J02AC01" />
</DRUG>
</DRUG1>
<DRUG2>
<DRUG name="RIFABUTIN" rxcui="55672">
<ATC code="J04AB04" />
</DRUG>
</DRUG2>
<DESCRIPTION>Risk of increase of the undesirable effects of the rifabutin (uveitis), due to increase of its concentrations and of those of its active metabolite</DESCRIPTION>
<SEVERITY>Precaution for use</SEVERITY>
<COMMENT>Regular clinical and biological monitoring, especially at the beginning of the treatment with the two medications together. </COMMENT>
</INTERACTION>
<INTERACTION>
<SOURCE>
<CLINICAL_SOURCE>ANSM</CLINICAL_SOURCE>
<SOURCE_FILE>232-FLUCONAZOLE.html
</SOURCE_FILE>
</SOURCE>
<DRUG1>
<DRUG name="FLUCONAZOLE" rxcui="4450">
<ATC code="D01AC15" />
<ATC code="J02AC01" />
</DRUG>
</DRUG1>
<DRUG2>
<DRUG name="RIFAMPICIN" rxcui="9384">
<ATC code="J04AB02" />
<ATC code="J04AM02" />
<ATC code="J04AM05" />
<ATC code="J04AM06" />
</DRUG>
</DRUG2>
<DESCRIPTION>Decrease of the plasma concentrations and of the effectiveness of the fluconazole by increase of its metabolism by the rifampacin</DESCRIPTION>
<SEVERITY>Not recommended</SEVERITY>
</INTERACTION>
<INTERACTION>
<SOURCE>
<CLINICAL_SOURCE>ANSM</CLINICAL_SOURCE>
<SOURCE_FILE>232-FLUCONAZOLE.html
</SOURCE_FILE>
</SOURCE>
<DRUG1>
<DRUG name="FLUCONAZOLE" rxcui="4450">
<ATC code="D01AC15" />
<ATC code="J02AC01" />
</DRUG>
</DRUG1>
<DRUG2>
<DRUG name="RIVAROXABAN" rxcui="1114195">
<ATC code="B01AF01" />
</DRUG>
</DRUG2>
<DESCRIPTION>Increase of the plasma concentrations of the rivaroxaban by the fluconazole, with increase of the risk of bleeding </DESCRIPTION>
<SEVERITY>Not recommeded</SEVERITY>
</INTERACTION>
<INTERACTION>
<SOURCE>
<CLINICAL_SOURCE>ANSM</CLINICAL_SOURCE>
<SOURCE_FILE>232-FLUCONAZOLE.html
</SOURCE_FILE>
</SOURCE>
<DRUG1>
<DRUG name="FLUCONAZOLE" rxcui="4450">
<ATC code="D01AC15" />
<ATC code="J02AC01" />
</DRUG>
</DRUG1>
<DRUG2>
<CLASS name="BLOOD GLUCOSE LOWERING SULFONAMIDES" code="A10BB" /></DRUG2>
<DESCRIPTION>Increase of the half life of the sulfonamide with possible onset of hypoglycemia</DESCRIPTION>
<SEVERITY>Precaution for use</SEVERITY>
<COMMENT>Inform the patient, reinforce self-monitoring of blood glucose and possibly adjust the dosage of the sulfonamide during the treatment with the fluconazole.</COMMENT>
</INTERACTION>
<INTERACTION>
<SOURCE>
<CLINICAL_SOURCE>ANSM</CLINICAL_SOURCE>
<SOURCE_FILE>232-FLUCONAZOLE.html
</SOURCE_FILE>
</SOURCE>
<DRUG1>
<DRUG name="FLUCONAZOLE" rxcui="4450">
<ATC code="D01AC15" />
<ATC code="J02AC01" />
</DRUG>
</DRUG1>
<DRUG2>
<CLASS name="THEOPHYLLINE (AND, BY EXTRAPOLATION, AMINOPHYLLINE)" code="R03DA" /></DRUG2>
<DESCRIPTION>Increase of the theophyllinemia with risk of overdose (decrease of the clearance of the theophylline)</DESCRIPTION>
<SEVERITY>Precaution for use</SEVERITY>
<COMMENT>Clinical monitoring and possibly monitoring of the theophyllinemia; if there is reason for it, adjustment of the dosage of the theophylline during the treatment with the fluconazole and after it is stopped.</COMMENT>
</INTERACTION>
</INTERACTIONS>
