<?xml version="1.0" encoding="utf-8" ?>
<INTERACTIONS>
<INTERACTION>
<SOURCE>
<CLINICAL_SOURCE>ANSM</CLINICAL_SOURCE>
<SOURCE_FILE>253-GLUCOSAMINE.html
</SOURCE_FILE>
</SOURCE>
<DRUG1>
<DRUG name="GLUCOSAMINE" rxcui="4845">
<ATC code="M01AX05" />
</DRUG>
</DRUG1>
<DRUG2>
<CLASS name="VITAMIN K ANTAGONISTS" code="B01AA-001" /></DRUG2>
<DESCRIPTION>Increase of the risk of hemorrhage</DESCRIPTION>
<SEVERITY>Precaution for use</SEVERITY>
<COMMENT>More frequent testing of the INR. Possible adjustment of the dosage of the Vitamin K Antagonist</COMMENT>
</INTERACTION>
</INTERACTIONS>
