<?xml version="1.0" encoding="utf-8" ?>
<INTERACTIONS>
<INTERACTION>
<SOURCE>
<CLINICAL_SOURCE>ANSM</CLINICAL_SOURCE>
<SOURCE_FILE>271-HYPERKALEMIA-INDUCING-MEDICATIONS.html
</SOURCE_FILE>
</SOURCE>
<DRUG1>
<CLASS name="HYPERKALEMIA INDUCING MEDICATIONS" code="M01A-001" /></DRUG1>
<DRUG2>
<CLASS name="OTHER HYPERKALEMIA INDUCING MEDICATIONS" code="M01A-001" /></DRUG2>
<DESCRIPTION>Risk of increase of hyperkalemia, potentially lethal. </DESCRIPTION>
<SEVERITY>Take into account</SEVERITY>
</INTERACTION>
</INTERACTIONS>
