<?xml version="1.0" encoding="utf-8" ?>
<INTERACTIONS>
<INTERACTION>
<SOURCE>
<CLINICAL_SOURCE>ANSM</CLINICAL_SOURCE>
<SOURCE_FILE>29-ALUMINUM-(SALTS).html
</SOURCE_FILE>
</SOURCE>
<DRUG1>
<CLASS name="ALUMINUM (SALTS)" code="A02AD0-001" /></DRUG1>
<DRUG2>
<CLASS name="CITRATES" code="V09HX" /></DRUG2>
<DESCRIPTION>Risk of facilitating systemic uptake of the aluminum salts especially when there is altered renal function

</DESCRIPTION>
<SEVERITY>Precaution for use</SEVERITY>
<COMMENT>Take aluminum based gastrointestinal medications at a different time (more than 2 hours apart if possible) from the citrates, including the natural ones such as citrus fruits and juices. </COMMENT>
</INTERACTION>
</INTERACTIONS>
