<?xml version="1.0" encoding="utf-8" ?>
<INTERACTIONS>
<INTERACTION>
<SOURCE>
<CLINICAL_SOURCE>ANSM</CLINICAL_SOURCE>
<SOURCE_FILE>296-INTERFERON-ALFA.html
</SOURCE_FILE>
</SOURCE>
<DRUG1>
<DRUG name="INTERFERON ALFA" >
<ATC code="1431112" />
<ATC code="L03AB01" />
<ATC code="5879" />
<ATC code="L03AB04" />
<ATC code="5880" />
<ATC code="L03AB05" />
<ATC code="202912" />
<ATC code="L03AB06" />
</DRUG>
</DRUG1>
<DRUG2>
<CLASS name="FLUOROURACIL (AND, BY EXTRAPOLATION, OTHER FLUOROPYRIMIDINES)" code="L01BC-001" /></DRUG2>
<DESCRIPTION>Increase of the gastrointestinal toxicity of the fluorouracil</DESCRIPTION>
<SEVERITY>Take into account</SEVERITY>
</INTERACTION>
</INTERACTIONS>
