<?xml version="1.0" encoding="utf-8" ?>
<INTERACTIONS>
<INTERACTION>
<SOURCE>
<CLINICAL_SOURCE>ANSM</CLINICAL_SOURCE>
<SOURCE_FILE>309-LANSOPRAZOLE.html
</SOURCE_FILE>
</SOURCE>
<DRUG1>
<DRUG name="LANSOPRAZOLE" rxcui="17128">
<ATC code="A02BC03" />
<ATC code="A02BD07" />
<ATC code="A02BD03" />
<ATC code="A02BD02" />
</DRUG>
</DRUG1>
<DRUG2>
<DRUG name="TACROLIMUS" rxcui="42316">
<ATC code="L04AD02" />
</DRUG>
</DRUG2>
<DESCRIPTION>Increase of the blood concentrations of the tacrolimus</DESCRIPTION>
<SEVERITY>Precaution for use</SEVERITY>
<COMMENT>Blood concentration dosage of the tacrolimus, testing of the renal function, and adjustment of the dosage during the administration of these medications together and after it is stopped. </COMMENT>
</INTERACTION>
</INTERACTIONS>
