<?xml version="1.0" encoding="utf-8" ?>
<INTERACTIONS>
<INTERACTION>
<SOURCE>
<CLINICAL_SOURCE>ANSM</CLINICAL_SOURCE>
<SOURCE_FILE>331-MEDICATIONS-AT-RISK-WHEN-WITHDRAWING-FROM-TOBACCO.html
</SOURCE_FILE>
</SOURCE>
<DRUG1>
<CLASS name="MEDICATIONS AT RISK WHEN WITHDRAWING FROM TOBACCO" code="N0-R0-002" /></DRUG1>
<DRUG2>
<CLASS name="NICOTINE SUBSTITUTION TREATMENT" code="N07BA" /></DRUG2>
<DESCRIPTION>Risk of overdose when replacing tobacco by the replacement therapy</DESCRIPTION>
<SEVERITY>Take into account</SEVERITY>
</INTERACTION>
</INTERACTIONS>
