<?xml version="1.0" encoding="utf-8" ?>
<INTERACTIONS>
<INTERACTION>
<SOURCE>
<CLINICAL_SOURCE>ANSM</CLINICAL_SOURCE>
<SOURCE_FILE>339-SEDATIVE-MEDICATIONS.html
</SOURCE_FILE>
</SOURCE>
<DRUG1>
<CLASS name="SEDATIVE MEDICATIONS" code="N04-N05-N06" /></DRUG1>
<DRUG2>
<DRUG name="ALCOHOL (DRINK OR INGREDIENT)" >
</DRUG>
</DRUG2>
<DESCRIPTION>Increase by the alcohol of the sedative effect of these substances. The alteration of alertness can make driving vehicles or using machines dangerous</DESCRIPTION>
<SEVERITY>Not recommended</SEVERITY>
<COMMENT>Avoid taking alcoholic beverages or medications containing alcohol.</COMMENT>
</INTERACTION>
<INTERACTION>
<SOURCE>
<CLINICAL_SOURCE>ANSM</CLINICAL_SOURCE>
<SOURCE_FILE>339-SEDATIVE-MEDICATIONS.html
</SOURCE_FILE>
</SOURCE>
<DRUG1>
<CLASS name="SEDATIVE MEDICATIONS" code="N04-N05-N06" /></DRUG1>
<DRUG2>
<CLASS name="OTHER SEDATIVE MEDICATIONS" code="N04-N05-N06" /></DRUG2>
<DESCRIPTION>Increase of central nervous center depression. The alteration of alertness can make driving vehicles or using machines dangerous</DESCRIPTION>
<SEVERITY>Not recommended</SEVERITY>
<COMMENT>--with sodium oxybate</COMMENT>
</INTERACTION>
</INTERACTIONS>
