<?xml version="1.0" encoding="utf-8" ?>
<INTERACTIONS>
<INTERACTION>
<SOURCE>
<CLINICAL_SOURCE>ANSM</CLINICAL_SOURCE>
<SOURCE_FILE>340-MEFLOQUINE.html
</SOURCE_FILE>
</SOURCE>
<DRUG1>
<DRUG name="MEFLOQUINE" rxcui="6694">
<ATC code="P01BF02" />
<ATC code="P01BC02" />
</DRUG>
</DRUG1>
<DRUG2>
<DRUG name="QUININE" rxcui="9071">
<ATC code="P01BC01" />
<ATC code="M09AA72" />
<ATC code="M09AA" />
</DRUG>
</DRUG2>
<DESCRIPTION>For the quinine administered by IV route: increased risk of onset of epileptic crises due to addition of the convulsion producing effects</DESCRIPTION>
<SEVERITY>Not recommended</SEVERITY>
<COMMENT>Wait at least 12 hours between the end of the administration via IV of the quinine and the beginning of the administration of the mefloquine. </COMMENT>
</INTERACTION>
</INTERACTIONS>
