<?xml version="1.0" encoding="utf-8" ?>
<INTERACTIONS>
<INTERACTION>
<SOURCE>
<CLINICAL_SOURCE>ANSM</CLINICAL_SOURCE>
<SOURCE_FILE>348-METOPROLOL.html
</SOURCE_FILE>
</SOURCE>
<DRUG1>
<DRUG name="METOPROLOL" rxcui="6918">
<ATC code="C07AB02" />
<ATC code="C07FB02" />
<ATC code="C07CB02" />
<ATC code="C07BB02" />
<ATC code="C07BB52" />
<ATC code="C07AB52" />
</DRUG>
</DRUG1>
<DRUG2>
<DRUG name="ABIRATERONE" rxcui="1100072">
<ATC code="L02BX03" />
</DRUG>
</DRUG2>
<DESCRIPTION>With the patient having heart failure, risk of increase of the undesirable effects of the metoprolol due to decrease of its hepatic metabolism by the abiraterone.</DESCRIPTION>
<SEVERITY>Precaution for use:</SEVERITY>
<COMMENT>Clinical monitoring. If needed, adjustment of the dosage of the metropolol during the treatment with the abiraterone</COMMENT>
</INTERACTION>
<INTERACTION>
<SOURCE>
<CLINICAL_SOURCE>ANSM</CLINICAL_SOURCE>
<SOURCE_FILE>348-METOPROLOL.html
</SOURCE_FILE>
</SOURCE>
<DRUG1>
<DRUG name="METOPROLOL" rxcui="6918">
<ATC code="C07AB02" />
<ATC code="C07FB02" />
<ATC code="C07CB02" />
<ATC code="C07BB02" />
<ATC code="C07BB52" />
<ATC code="C07AB52" />
</DRUG>
</DRUG1>
<DRUG2>
<DRUG name="BUPROPION" rxcui="42347">
<ATC code="N06AX12" />
</DRUG>
</DRUG2>
<DESCRIPTION>With the metoprolol used for heart failure: risk of increase of the undesirable effects of the metoprolol due to decrease of its hepatic metabolism by the bupropion</DESCRIPTION>
<SEVERITY>Precaution for use</SEVERITY>
<COMMENT>Clinical monitoring. If needed, adjustment of the dosage of the metoprolol during the treatment with the bupropion</COMMENT>
</INTERACTION>
<INTERACTION>
<SOURCE>
<CLINICAL_SOURCE>ANSM</CLINICAL_SOURCE>
<SOURCE_FILE>348-METOPROLOL.html
</SOURCE_FILE>
</SOURCE>
<DRUG1>
<DRUG name="METOPROLOL" rxcui="6918">
<ATC code="C07AB02" />
<ATC code="C07FB02" />
<ATC code="C07CB02" />
<ATC code="C07BB02" />
<ATC code="C07BB52" />
<ATC code="C07AB52" />
</DRUG>
</DRUG1>
<DRUG2>
<DRUG name="CIMETIDINE" rxcui="2541">
<ATC code="A02BA51" />
</DRUG>
</DRUG2>
<DESCRIPTION>With the metoprolol used for heart failure, and the cimetidine used at dosages greater than or equal to 800 mg/day: increase of the concentrations of the metoprolol, which can be dangerous in the case of treatment for heart failure, due to decrease of its hepatic metabolism by the cimetadine</DESCRIPTION>
<SEVERITY>Precaution for use</SEVERITY>
<COMMENT>Clinical monitoring. If needed, adjustment of the dosage of the metoprolol during the treatment with cimetidine</COMMENT>
</INTERACTION>
<INTERACTION>
<SOURCE>
<CLINICAL_SOURCE>ANSM</CLINICAL_SOURCE>
<SOURCE_FILE>348-METOPROLOL.html
</SOURCE_FILE>
</SOURCE>
<DRUG1>
<DRUG name="METOPROLOL" rxcui="6918">
<ATC code="C07AB02" />
<ATC code="C07FB02" />
<ATC code="C07CB02" />
<ATC code="C07BB02" />
<ATC code="C07BB52" />
<ATC code="C07AB52" />
</DRUG>
</DRUG1>
<DRUG2>
<DRUG name="CINACALCET" rxcui="407990">
<ATC code="H05BX01" />
</DRUG>
</DRUG2>
<DESCRIPTION>Increase of the plasma concentrations of metoprolol with risk of overdose, due to decrease of its hepatic metabolism by the cinacalcet</DESCRIPTION>
<SEVERITY>Precaution for use</SEVERITY>
<COMMENT>Clinical monitoring and reduction of the dosage of the metopolol during the treatment with cinacalcet.</COMMENT>
</INTERACTION>
<INTERACTION>
<SOURCE>
<CLINICAL_SOURCE>ANSM</CLINICAL_SOURCE>
<SOURCE_FILE>348-METOPROLOL.html
</SOURCE_FILE>
</SOURCE>
<DRUG1>
<DRUG name="METOPROLOL" rxcui="6918">
<ATC code="C07AB02" />
<ATC code="C07FB02" />
<ATC code="C07CB02" />
<ATC code="C07BB02" />
<ATC code="C07BB52" />
<ATC code="C07AB52" />
</DRUG>
</DRUG1>
<DRUG2>
<DRUG name="DARIFENACIN" rxcui="136198">
<ATC code="G04BD10" />
</DRUG>
</DRUG2>
<DESCRIPTION>Increase of the plasma concentrations of the metoprolol, with risk of overdose, due to decrease of its hepatic metabolism by the darifenacin</DESCRIPTION>
<SEVERITY>Precaution for use</SEVERITY>
<COMMENT>Clinical monitoring and reduction of the dosage of the metoprolol during the treatment with darifenacin.</COMMENT>
</INTERACTION>
<INTERACTION>
<SOURCE>
<CLINICAL_SOURCE>ANSM</CLINICAL_SOURCE>
<SOURCE_FILE>348-METOPROLOL.html
</SOURCE_FILE>
</SOURCE>
<DRUG1>
<DRUG name="METOPROLOL" rxcui="6918">
<ATC code="C07AB02" />
<ATC code="C07FB02" />
<ATC code="C07CB02" />
<ATC code="C07BB02" />
<ATC code="C07BB52" />
<ATC code="C07AB52" />
</DRUG>
</DRUG1>
<DRUG2>
<DRUG name="DULOXETINE" rxcui="72625">
<ATC code="N06AX21" />
</DRUG>
</DRUG2>
<DESCRIPTION>Increase of the plasma concentrations of metoprolol with risk of overdose, due to decrease of its hepatic metabolism by the duloxetine</DESCRIPTION>
<SEVERITY>Precaution for use</SEVERITY>
<COMMENT>Clinical monitoring and reduction of the dosage of the metoprolol during the treatment with the duloxetine and after it is stopped. </COMMENT>
</INTERACTION>
<INTERACTION>
<SOURCE>
<CLINICAL_SOURCE>ANSM</CLINICAL_SOURCE>
<SOURCE_FILE>348-METOPROLOL.html
</SOURCE_FILE>
</SOURCE>
<DRUG1>
<DRUG name="METOPROLOL" rxcui="6918">
<ATC code="C07AB02" />
<ATC code="C07FB02" />
<ATC code="C07CB02" />
<ATC code="C07BB02" />
<ATC code="C07BB52" />
<ATC code="C07AB52" />
</DRUG>
</DRUG1>
<DRUG2>
<DRUG name="FLUOXETINE" rxcui="4493">
<ATC code="N06CA03" />
</DRUG>
</DRUG2>
<DESCRIPTION>Risk of increase of the undesirable effects of the metoprolol, with especially excessive bradycardia, due to inhibition of its metabolism by the fluoxetine </DESCRIPTION>
<SEVERITY>Precaution for use</SEVERITY>
<COMMENT>Increased clinical monitoring; if needed, adjustment of the dosage of the metoprolol during the length of the treatment with the fluoxetine and after it is stopped.</COMMENT>
</INTERACTION>
<INTERACTION>
<SOURCE>
<CLINICAL_SOURCE>ANSM</CLINICAL_SOURCE>
<SOURCE_FILE>348-METOPROLOL.html
</SOURCE_FILE>
</SOURCE>
<DRUG1>
<DRUG name="METOPROLOL" rxcui="6918">
<ATC code="C07AB02" />
<ATC code="C07FB02" />
<ATC code="C07CB02" />
<ATC code="C07BB02" />
<ATC code="C07BB52" />
<ATC code="C07AB52" />
</DRUG>
</DRUG1>
<DRUG2>
<DRUG name="HYDROXYCHLOROQUINE" rxcui="5521">
<ATC code="P01BA02" />
</DRUG>
</DRUG2>
<DESCRIPTION>With the metoprolol used in heart failure: risk of increase of the undesirable effects of the metoprolol due to decrease of its hepatic metabolism by the hydroxychloroquine</DESCRIPTION>
<SEVERITY>Precaution for use</SEVERITY>
<COMMENT>Clinical monitoring. If needed, adjustment of the dosage of the metoprolol during the treatment with the hydroxychloroquine</COMMENT>
</INTERACTION>
<INTERACTION>
<SOURCE>
<CLINICAL_SOURCE>ANSM</CLINICAL_SOURCE>
<SOURCE_FILE>348-METOPROLOL.html
</SOURCE_FILE>
</SOURCE>
<DRUG1>
<DRUG name="METOPROLOL" rxcui="6918">
<ATC code="C07AB02" />
<ATC code="C07FB02" />
<ATC code="C07CB02" />
<ATC code="C07BB02" />
<ATC code="C07BB52" />
<ATC code="C07AB52" />
</DRUG>
</DRUG1>
<DRUG2>
<DRUG name="MIRABEGRON" rxcui="1300786">
<ATC code="G04BD12" />
</DRUG>
</DRUG2>
<DESCRIPTION>With the metoprolol used in heart failure, increase of the plasma concentrations of the metoprolol due to decrease of its metabolism by the mirabegron</DESCRIPTION>
<SEVERITY>Precaution for use</SEVERITY>
<COMMENT>Clinical monitoring and possible reduction of the dosage of the metoprolol during the administration of it with the mirabegron</COMMENT>
</INTERACTION>
<INTERACTION>
<SOURCE>
<CLINICAL_SOURCE>ANSM</CLINICAL_SOURCE>
<SOURCE_FILE>348-METOPROLOL.html
</SOURCE_FILE>
</SOURCE>
<DRUG1>
<DRUG name="METOPROLOL" rxcui="6918">
<ATC code="C07AB02" />
<ATC code="C07FB02" />
<ATC code="C07CB02" />
<ATC code="C07BB02" />
<ATC code="C07BB52" />
<ATC code="C07AB52" />
</DRUG>
</DRUG1>
<DRUG2>
<DRUG name="PAROXETINE" rxcui="32937">
<ATC code="N06AB05" />
</DRUG>
</DRUG2>
<DESCRIPTION>Risk of increase of the undesirable effects of the metoprolol, especially with excessive bradycardia, due to inhibition of its metabolism by the paroxetine </DESCRIPTION>
<SEVERITY>Precaution for use</SEVERITY>
<COMMENT>Increased clinical monitoring; if needed, adjustment of the dosage of the metoprolol during the treatment with the paroxetine and after it is stopped.</COMMENT>
</INTERACTION>
<INTERACTION>
<SOURCE>
<CLINICAL_SOURCE>ANSM</CLINICAL_SOURCE>
<SOURCE_FILE>348-METOPROLOL.html
</SOURCE_FILE>
</SOURCE>
<DRUG1>
<DRUG name="METOPROLOL" rxcui="6918">
<ATC code="C07AB02" />
<ATC code="C07FB02" />
<ATC code="C07CB02" />
<ATC code="C07BB02" />
<ATC code="C07BB52" />
<ATC code="C07AB52" />
</DRUG>
</DRUG1>
<DRUG2>
<CLASS name="PHENOBARBITAL (AND, BY EXTRAPOLATION, PRIMIDONE)" code="N03AA-001" /></DRUG2>
<DESCRIPTION>Decrease of the plasma concentrations of the metoprolol with reduction of its clinical effects (increase of its hepatic metabolism)</DESCRIPTION>
<SEVERITY>Take into account</SEVERITY>
</INTERACTION>
<INTERACTION>
<SOURCE>
<CLINICAL_SOURCE>ANSM</CLINICAL_SOURCE>
<SOURCE_FILE>348-METOPROLOL.html
</SOURCE_FILE>
</SOURCE>
<DRUG1>
<DRUG name="METOPROLOL" rxcui="6918">
<ATC code="C07AB02" />
<ATC code="C07FB02" />
<ATC code="C07CB02" />
<ATC code="C07BB02" />
<ATC code="C07BB52" />
<ATC code="C07AB52" />
</DRUG>
</DRUG1>
<DRUG2>
<DRUG name="RIFAMPICIN" rxcui="9384">
<ATC code="J04AB02" />
<ATC code="J04AM02" />
<ATC code="J04AM05" />
<ATC code="J04AM06" />
</DRUG>
</DRUG2>
<DESCRIPTION>Decrease of the plasma concentrations and of the effectiveness of the beta-blocking agent (increase of its hepatic metabolism)</DESCRIPTION>
<SEVERITY>Take into account</SEVERITY>
</INTERACTION>
<INTERACTION>
<SOURCE>
<CLINICAL_SOURCE>ANSM</CLINICAL_SOURCE>
<SOURCE_FILE>348-METOPROLOL.html
</SOURCE_FILE>
</SOURCE>
<DRUG1>
<DRUG name="METOPROLOL" rxcui="6918">
<ATC code="C07AB02" />
<ATC code="C07FB02" />
<ATC code="C07CB02" />
<ATC code="C07BB02" />
<ATC code="C07BB52" />
<ATC code="C07AB52" />
</DRUG>
</DRUG1>
<DRUG2>
<DRUG name="TERBINAFINE" rxcui="37801">
<ATC code="D01AE15" />
<ATC code="D01BA02" />
</DRUG>
</DRUG2>
<DESCRIPTION>With the patient having heart failure, risk of increase of the undesirable effects of the metoprolol, due to decrease of its hepatic metabolism by the terbinafine</DESCRIPTION>
<SEVERITY>Precaution for use</SEVERITY>
<COMMENT>Clinical monitoring. If needed, adjustment of the dosage of the metoprolol during the treatment with the terbinafine. </COMMENT>
</INTERACTION>
</INTERACTIONS>
