<?xml version="1.0" encoding="utf-8" ?>
<INTERACTIONS>
<INTERACTION>
<SOURCE>
<CLINICAL_SOURCE>ANSM</CLINICAL_SOURCE>
<SOURCE_FILE>349-METRONIDAZOLE.html
</SOURCE_FILE>
</SOURCE>
<DRUG1>
<DRUG name="METRONIDAZOLE" rxcui="6922">
<ATC code="A02BD08" />
<ATC code="A02BD03" />
<ATC code="A02BD02" />
<ATC code="A01AB17" />
<ATC code="D06BX01" />
<ATC code="G01AF01" />
<ATC code="J01XD01" />
<ATC code="P01AB01" />
<ATC code="A02BD01" />
</DRUG>
</DRUG1>
<DRUG2>
<CLASS name="ANTICONVULSANT ENZYMATIC INDUCERS" code="N03A-001" /></DRUG2>
<DESCRIPTION>Decrease of the plasma concentrations of the metronidazole due to increase of its hepatic metabolism by the inducer

</DESCRIPTION>
<SEVERITY>Precaution for use</SEVERITY>
<COMMENT>Clinical monitoring and possible adjustment of the dosage of metronidazole during the treatment with the inducer and after it is stopped. </COMMENT>
</INTERACTION>
<INTERACTION>
<SOURCE>
<CLINICAL_SOURCE>ANSM</CLINICAL_SOURCE>
<SOURCE_FILE>349-METRONIDAZOLE.html
</SOURCE_FILE>
</SOURCE>
<DRUG1>
<DRUG name="METRONIDAZOLE" rxcui="6922">
<ATC code="A02BD08" />
<ATC code="A02BD03" />
<ATC code="A02BD02" />
<ATC code="A01AB17" />
<ATC code="D06BX01" />
<ATC code="G01AF01" />
<ATC code="J01XD01" />
<ATC code="P01AB01" />
<ATC code="A02BD01" />
</DRUG>
</DRUG1>
<DRUG2>
<DRUG name="BUSULFAN" rxcui="1828">
<ATC code="L01AB01" />
</DRUG>
</DRUG2>
<DESCRIPTION>With the busulfan in large doses: doubling of the concentrations of busulfan by the metronidazole</DESCRIPTION>
<SEVERITY>Not recommended</SEVERITY>
</INTERACTION>
<INTERACTION>
<SOURCE>
<CLINICAL_SOURCE>ANSM</CLINICAL_SOURCE>
<SOURCE_FILE>349-METRONIDAZOLE.html
</SOURCE_FILE>
</SOURCE>
<DRUG1>
<DRUG name="METRONIDAZOLE" rxcui="6922">
<ATC code="A02BD08" />
<ATC code="A02BD03" />
<ATC code="A02BD02" />
<ATC code="A01AB17" />
<ATC code="D06BX01" />
<ATC code="G01AF01" />
<ATC code="J01XD01" />
<ATC code="P01AB01" />
<ATC code="A02BD01" />
</DRUG>
</DRUG1>
<DRUG2>
<DRUG name="DISULFIRAM" rxcui="3554">
<ATC code="N07BB01" />
</DRUG>
</DRUG2>
<DESCRIPTION>Risk of episodes of acute psychosis or of confused state, reversible upon stopping the administration of the two substances together</DESCRIPTION>
<SEVERITY>Not recommended</SEVERITY>
</INTERACTION>
<INTERACTION>
<SOURCE>
<CLINICAL_SOURCE>ANSM</CLINICAL_SOURCE>
<SOURCE_FILE>349-METRONIDAZOLE.html
</SOURCE_FILE>
</SOURCE>
<DRUG1>
<DRUG name="METRONIDAZOLE" rxcui="6922">
<ATC code="A02BD08" />
<ATC code="A02BD03" />
<ATC code="A02BD02" />
<ATC code="A01AB17" />
<ATC code="D06BX01" />
<ATC code="G01AF01" />
<ATC code="J01XD01" />
<ATC code="P01AB01" />
<ATC code="A02BD01" />
</DRUG>
</DRUG1>
<DRUG2>
<CLASS name="FLUOROURACIL (AND, BY EXTRAPOLATION, OTHER FLUOROPYRIMIDINES)" code="L01BC-001" /></DRUG2>
<DESCRIPTION>Increase of the toxicity of the fluorouracil due to decrease of its clearance</DESCRIPTION>
<SEVERITY>Take into account</SEVERITY>
</INTERACTION>
<INTERACTION>
<SOURCE>
<CLINICAL_SOURCE>ANSM</CLINICAL_SOURCE>
<SOURCE_FILE>349-METRONIDAZOLE.html
</SOURCE_FILE>
</SOURCE>
<DRUG1>
<DRUG name="METRONIDAZOLE" rxcui="6922">
<ATC code="A02BD08" />
<ATC code="A02BD03" />
<ATC code="A02BD02" />
<ATC code="A01AB17" />
<ATC code="D06BX01" />
<ATC code="G01AF01" />
<ATC code="J01XD01" />
<ATC code="P01AB01" />
<ATC code="A02BD01" />
</DRUG>
</DRUG1>
<DRUG2>
<DRUG name="LITHIUM" rxcui="6448">
<ATC code="D11AX04" />
</DRUG>
</DRUG2>
<DESCRIPTION>Increase of the lithemia which can attain toxic values with signs of overdose of lithium.</DESCRIPTION>
<SEVERITY>Precaution for use</SEVERITY>
<COMMENT>Strict monitoring of the lithemia and possible adjustment of the dosage of the lithium. </COMMENT>
</INTERACTION>
<INTERACTION>
<SOURCE>
<CLINICAL_SOURCE>ANSM</CLINICAL_SOURCE>
<SOURCE_FILE>349-METRONIDAZOLE.html
</SOURCE_FILE>
</SOURCE>
<DRUG1>
<DRUG name="METRONIDAZOLE" rxcui="6922">
<ATC code="A02BD08" />
<ATC code="A02BD03" />
<ATC code="A02BD02" />
<ATC code="A01AB17" />
<ATC code="D06BX01" />
<ATC code="G01AF01" />
<ATC code="J01XD01" />
<ATC code="P01AB01" />
<ATC code="A02BD01" />
</DRUG>
</DRUG1>
<DRUG2>
<DRUG name="RIFAMPICIN" rxcui="9384">
<ATC code="J04AB02" />
<ATC code="J04AM02" />
<ATC code="J04AM05" />
<ATC code="J04AM06" />
</DRUG>
</DRUG2>
<DESCRIPTION>Decrease of the plasma concentrations of the metronidazole due to increase of its hepatic metabolism by the rifampicin</DESCRIPTION>
<SEVERITY>Precaution for use</SEVERITY>
<COMMENT>Clinical monitoring and possible adjustment of the dosage of metronidazole during the treatment with the rifampicin and after it is stopped. </COMMENT>
</INTERACTION>
</INTERACTIONS>
