<?xml version="1.0" encoding="utf-8" ?>
<INTERACTIONS>
<INTERACTION>
<SOURCE>
<CLINICAL_SOURCE>ANSM</CLINICAL_SOURCE>
<SOURCE_FILE>350-METYRAPONE.html
</SOURCE_FILE>
</SOURCE>
<DRUG1>
<DRUG name="METYRAPONE" rxcui="6923">
<ATC code="V04CD01" />
</DRUG>
</DRUG1>
<DRUG2>
<CLASS name="PHENYTOIN (AND, BY EXTRAPOLATION, FOSPHENYTOIN)" code="N03AB" /></DRUG2>
<DESCRIPTION>Risk of false negative results of the test with metyrapone, due to a decrease of its plasma concentrations, because of the increase of its hepatic metabolism by the phenytoin.</DESCRIPTION>
<SEVERITY>Precaution for use</SEVERITY>
<COMMENT>Double the dosage of the metyrapone.</COMMENT>
</INTERACTION>
</INTERACTIONS>
