<?xml version="1.0" encoding="utf-8" ?>
<INTERACTIONS>
<INTERACTION>
<SOURCE>
<CLINICAL_SOURCE>ANSM</CLINICAL_SOURCE>
<SOURCE_FILE>369-PARTIAL-AGONIST-OPIOIDS.html
</SOURCE_FILE>
</SOURCE>
<DRUG1>
<CLASS name="PARTIAL AGONIST OPIOIDS" code="PARAG" /></DRUG1>
<DRUG2>
<CLASS name="STEP II OPIOID ANALGESICS" code="N02A-003" /></DRUG2>
<DESCRIPTION>Risk of decrease of the antalgic effect</DESCRIPTION>
<SEVERITY>Not Recommended</SEVERITY>
</INTERACTION>
<INTERACTION>
<SOURCE>
<CLINICAL_SOURCE>ANSM</CLINICAL_SOURCE>
<SOURCE_FILE>369-PARTIAL-AGONIST-OPIOIDS.html
</SOURCE_FILE>
</SOURCE>
<DRUG1>
<CLASS name="PARTIAL AGONIST OPIOIDS" code="PARAG" /></DRUG1>
<DRUG2>
<CLASS name="STEP III OPIOID ANALGESICS" code="N02A-002" /></DRUG2>
<DESCRIPTION>Risk of decrease of the antalgic effect</DESCRIPTION>
<SEVERITY>CONTRAINDICATION</SEVERITY>
</INTERACTION>
<INTERACTION>
<SOURCE>
<CLINICAL_SOURCE>ANSM</CLINICAL_SOURCE>
<SOURCE_FILE>369-PARTIAL-AGONIST-OPIOIDS.html
</SOURCE_FILE>
</SOURCE>
<DRUG1>
<CLASS name="PARTIAL AGONIST OPIOIDS" code="PARAG" /></DRUG1>
<DRUG2>
<CLASS name="AGONIST-ANTAGONIST OPIOIDS " code="NO2A-001" /></DRUG2>
<DESCRIPTION>Risk of decrease of the antalgic effect and/or appearance of a withdrawal syndrome</DESCRIPTION>
<SEVERITY>CONTRAINDICATION</SEVERITY>
</INTERACTION>
<INTERACTION>
<SOURCE>
<CLINICAL_SOURCE>ANSM</CLINICAL_SOURCE>
<SOURCE_FILE>369-PARTIAL-AGONIST-OPIOIDS.html
</SOURCE_FILE>
</SOURCE>
<DRUG1>
<CLASS name="PARTIAL AGONIST OPIOIDS" code="PARAG" /></DRUG1>
<DRUG2>
<CLASS name="OPIOIDS FOR REPLACEMENT THERAPY" code="N07BC" /></DRUG2>
<DESCRIPTION>Risk of appearance of a withdrawal syndrome</DESCRIPTION>
<SEVERITY>CONTRAINDICATION</SEVERITY>
</INTERACTION>
</INTERACTIONS>
