<?xml version="1.0" encoding="utf-8" ?>
<INTERACTIONS>
<INTERACTION>
<SOURCE>
<CLINICAL_SOURCE>ANSM</CLINICAL_SOURCE>
<SOURCE_FILE>38-AGONIST-OPIOID-ANALGESICS.html
</SOURCE_FILE>
</SOURCE>
<DRUG1>
<CLASS name="AGONIST OPIOID ANALGESICS" code="N01A-N02A" /></DRUG1>
<DRUG2>
<CLASS name="OTHER AGONIST OPIOID ANALGESICS" code="N01A-N02A" /></DRUG2>
<DESCRIPTION>Increased risk of respiratory depression which can be fatal in case of overdose</DESCRIPTION>
<SEVERITY>Take into account</SEVERITY>
</INTERACTION>
<INTERACTION>
<SOURCE>
<CLINICAL_SOURCE>ANSM</CLINICAL_SOURCE>
<SOURCE_FILE>38-AGONIST-OPIOID-ANALGESICS.html
</SOURCE_FILE>
</SOURCE>
<DRUG1>
<CLASS name="AGONIST OPIOID ANALGESICS" code="N01A-N02A" /></DRUG1>
<DRUG2>
<CLASS name="MORPHINE LIKE ANTITUSSIVES" code="R05DA0-001" /></DRUG2>
<DESCRIPTION>Increased risk of respiratory depression, which can be fatal in cases of overdose</DESCRIPTION>
<SEVERITY>Take into account</SEVERITY>
</INTERACTION>
<INTERACTION>
<SOURCE>
<CLINICAL_SOURCE>ANSM</CLINICAL_SOURCE>
<SOURCE_FILE>38-AGONIST-OPIOID-ANALGESICS.html
</SOURCE_FILE>
</SOURCE>
<DRUG1>
<CLASS name="AGONIST OPIOID ANALGESICS" code="N01A-N02A" /></DRUG1>
<DRUG2>
<CLASS name="TRUE MORPHINE ANTITUSSIVES" code="R0GDA0-002" /></DRUG2>
<DESCRIPTION>Increased risk of respiratory depression which can be fatal in cases of overdose</DESCRIPTION>
<SEVERITY>Take into account</SEVERITY>
</INTERACTION>
</INTERACTIONS>
