<?xml version="1.0" encoding="utf-8" ?>
<INTERACTIONS>
<INTERACTION>
<SOURCE>
<CLINICAL_SOURCE>ANSM</CLINICAL_SOURCE>
<SOURCE_FILE>406-PENEMS.html
</SOURCE_FILE>
</SOURCE>
<DRUG1>
<CLASS name="PENEMS" code="J01DH" /></DRUG1>
<DRUG2>
<CLASS name="VALPROIC (ACID) AND, BY EXTRAPOLATION, VALPROMIDE" code="N03AG0" /></DRUG2>
<DESCRIPTION>Risk of onset of convulsive crises, due to rapid decrease of the plasma concentrations of the valproic acid, that can become undetectable.</DESCRIPTION>
<SEVERITY>Not recommended</SEVERITY>
</INTERACTION>
</INTERACTIONS>
