<?xml version="1.0" encoding="utf-8" ?>
<INTERACTIONS>
<INTERACTION>
<SOURCE>
<CLINICAL_SOURCE>ANSM</CLINICAL_SOURCE>
<SOURCE_FILE>433-PROCARBAZINE.html
</SOURCE_FILE>
</SOURCE>
<DRUG1>
<DRUG name="PROCARBAZINE" rxcui="8702">
<ATC code="L01XB01" />
</DRUG>
</DRUG1>
<DRUG2>
<CLASS name="ANTICONVULSANT ENZYMATIC INDUCERS" code="N03A-001" /></DRUG2>
<DESCRIPTION>Increase of the hypersensitivity reactions (hypereosinophilia, rash), due to increase of the metabolism of the procarbazine by the inducer</DESCRIPTION>
<SEVERITY>Take into account</SEVERITY>
</INTERACTION>
</INTERACTIONS>
