<?xml version="1.0" encoding="utf-8" ?>
<INTERACTIONS>
<INTERACTION>
<SOURCE>
<CLINICAL_SOURCE>ANSM</CLINICAL_SOURCE>
<SOURCE_FILE>447-RALTEGRAVIR.html
</SOURCE_FILE>
</SOURCE>
<DRUG1>
<DRUG name="RALTEGRAVIR" rxcui="719872">
<ATC code="J05AX08" />
</DRUG>
</DRUG1>
<DRUG2>
<DRUG name="RIFAMPICIN" rxcui="9384">
<ATC code="J04AB02" />
<ATC code="J04AM02" />
<ATC code="J04AM05" />
<ATC code="J04AM06" />
</DRUG>
</DRUG2>
<DESCRIPTION>Decrease of the concentrations of the raltegravir by the rifampicin</DESCRIPTION>
<SEVERITY>Not recommended</SEVERITY>
<COMMENT>If administering these medications together cannot be avoided, doubling the dose of raltegravir can be considered </COMMENT>
</INTERACTION>
</INTERACTIONS>
