<?xml version="1.0" encoding="utf-8" ?>
<INTERACTIONS>
<INTERACTION>
<SOURCE>
<CLINICAL_SOURCE>ANSM</CLINICAL_SOURCE>
<SOURCE_FILE>467-SERTRALINE.html
</SOURCE_FILE>
</SOURCE>
<DRUG1>
<DRUG name="SERTRALINE" rxcui="36437">
<ATC code="N06AB06" />
</DRUG>
</DRUG1>
<DRUG2>
<CLASS name="ENZYMATIC INDUCERS" code="N03-J05-001" /></DRUG2>
<DESCRIPTION>Risk of ineffectiveness of the antidepressant treatment 

</DESCRIPTION>
<SEVERITY>Not recommended</SEVERITY>
</INTERACTION>
<INTERACTION>
<SOURCE>
<CLINICAL_SOURCE>ANSM</CLINICAL_SOURCE>
<SOURCE_FILE>467-SERTRALINE.html
</SOURCE_FILE>
</SOURCE>
<DRUG1>
<DRUG name="SERTRALINE" rxcui="36437">
<ATC code="N06AB06" />
</DRUG>
</DRUG1>
<DRUG2>
<DRUG name="GRAPEFRUIT (JUICE AND FRUIT)" >
</DRUG>
</DRUG2>
<DESCRIPTION>Increase, sometimes large, of the concentrations of the antidepressant with some patients due to decrease of its intestinal metabolism</DESCRIPTION>
<SEVERITY>Not recommended</SEVERITY>
</INTERACTION>
<INTERACTION>
<SOURCE>
<CLINICAL_SOURCE>ANSM</CLINICAL_SOURCE>
<SOURCE_FILE>467-SERTRALINE.html
</SOURCE_FILE>
</SOURCE>
<DRUG1>
<DRUG name="SERTRALINE" rxcui="36437">
<ATC code="N06AB06" />
</DRUG>
</DRUG1>
<DRUG2>
<DRUG name="PIMOZIDE" rxcui="8331">
<ATC code="N05AG02" />
</DRUG>
</DRUG2>
<DESCRIPTION>Increased risk of ventricular arrhythmias, especially of torsades de pointes</DESCRIPTION>
<SEVERITY>CONTRAINDICATION</SEVERITY>
</INTERACTION>
</INTERACTIONS>
