<?xml version="1.0" encoding="utf-8" ?>
<INTERACTIONS>
<INTERACTION>
<SOURCE>
<CLINICAL_SOURCE>ANSM</CLINICAL_SOURCE>
<SOURCE_FILE>472-SODIUM-BICARBONATE.html
</SOURCE_FILE>
</SOURCE>
<DRUG1>
<DRUG name="SODIUM BICARBONATE" rxcui="">
</DRUG>
</DRUG1>
<DRUG2>
<DRUG name="LITHIUM" rxcui="6448">
<ATC code="D11AX04" />
</DRUG>
</DRUG2>
<DESCRIPTION>Risk of reduction of the effectiveness of the lithium due to increase of its renal elimination by the sodium salts. </DESCRIPTION>
<SEVERITY>Precaution for use</SEVERITY>
<COMMENT>Avoid excess amounts of sodium and take into account the presence of sodium in certain medications such as antacids.</COMMENT>
</INTERACTION>
</INTERACTIONS>
