<?xml version="1.0" encoding="utf-8" ?>
<INTERACTIONS>
<INTERACTION>
<SOURCE>
<CLINICAL_SOURCE>ANSM</CLINICAL_SOURCE>
<SOURCE_FILE>483-SUBSTANCES-WITH-ABSORPTION-REDUCED-BY-GASTRO-INTESTINAL-TARGETED-MEDICATIONS,-ANTACIDS,-AND-ABSORBANTS.html
</SOURCE_FILE>
</SOURCE>
<DRUG1>
<CLASS name="SUBSTANCES WITH ABSORPTION REDUCED BY GASTRO-INTESTINAL TARGETED MEDICATIONS, ANTACIDS, AND ABSORBANTS " code="RBGI" /></DRUG1>
<DRUG2>
<CLASS name="GASTRO-INTESTINAL TARGETED MEDICATIONS, ANTACIDS, AND ABSORBANTS" code="A07BC-A02AD" /></DRUG2>
<DESCRIPTION>Decrease of the absorption of these substances</DESCRIPTION>
<SEVERITY>Precaution for use</SEVERITY>
<COMMENT>Take the gastro-intestinal targeted medications, antacids, and absorbants at a different time from these substances (more than 2 hours apart, if possible). </COMMENT>
</INTERACTION>
</INTERACTIONS>
