<?xml version="1.0" encoding="utf-8" ?>
<INTERACTIONS>
<INTERACTION>
<SOURCE>
<CLINICAL_SOURCE>ANSM</CLINICAL_SOURCE>
<SOURCE_FILE>489-SULFAMETHIZOLE.html
</SOURCE_FILE>
</SOURCE>
<DRUG1>
<DRUG name="SULFAMETHIZOLE" rxcui="10179">
<ATC code="B05CA04" />
<ATC code="D06BA04" />
<ATC code="J01EB02" />
<ATC code="S01AB01" />
</DRUG>
</DRUG1>
<DRUG2>
<CLASS name="VITAMIN K ANTAGONISTS" code="B01AA-001" /></DRUG2>
<DESCRIPTION>Increase of the effect of the vitamin K antagonist and of the risk of hemorrhage</DESCRIPTION>
<SEVERITY>Precaution for use</SEVERITY>
<COMMENT>More frequent testing of the INR. Possible adjustment of the dosage of the vitamin K antagonist during the antibiotic treatment and a week after it is stopped. </COMMENT>
</INTERACTION>
<INTERACTION>
<SOURCE>
<CLINICAL_SOURCE>ANSM</CLINICAL_SOURCE>
<SOURCE_FILE>489-SULFAMETHIZOLE.html
</SOURCE_FILE>
</SOURCE>
<DRUG1>
<DRUG name="SULFAMETHIZOLE" rxcui="10179">
<ATC code="B05CA04" />
<ATC code="D06BA04" />
<ATC code="J01EB02" />
<ATC code="S01AB01" />
</DRUG>
</DRUG1>
<DRUG2>
<DRUG name="METHENAMINE" rxcui="6832">
<ATC code="J01XX05" />
</DRUG>
</DRUG2>
<DESCRIPTION>Precipitation of crystals in the urinary tract (due to the acidification of the urine)</DESCRIPTION>
<SEVERITY>Not recommended</SEVERITY>
</INTERACTION>
<INTERACTION>
<SOURCE>
<CLINICAL_SOURCE>ANSM</CLINICAL_SOURCE>
<SOURCE_FILE>489-SULFAMETHIZOLE.html
</SOURCE_FILE>
</SOURCE>
<DRUG1>
<DRUG name="SULFAMETHIZOLE" rxcui="10179">
<ATC code="B05CA04" />
<ATC code="D06BA04" />
<ATC code="J01EB02" />
<ATC code="S01AB01" />
</DRUG>
</DRUG1>
<DRUG2>
<CLASS name="PHENYTOIN (AND, BY EXTRAPOLATION, FOSPHENYTOIN)" code="N03AB" /></DRUG2>
<DESCRIPTION>Increase of the plasma concentrations of phenytoin up to toxic values (inhibition of its metabolism)</DESCRIPTION>
<SEVERITY>Not recommended</SEVERITY>
<COMMENT>Another class of antibiotic should be used; if not, strict clinical monitoring, concentration dosage of phenytoin, and possible adjustment of its dosage during the treatment with the antibacterial sulfonamide and after it is stopped. </COMMENT>
</INTERACTION>
</INTERACTIONS>
