<?xml version="1.0" encoding="utf-8" ?>
<INTERACTIONS>
<INTERACTION>
<SOURCE>
<CLINICAL_SOURCE>ANSM</CLINICAL_SOURCE>
<SOURCE_FILE>505-TELBIVUDINE.html
</SOURCE_FILE>
</SOURCE>
<DRUG1>
<DRUG name="TELBIVUDINE" rxcui="474128">
<ATC code="J05AF11" />
</DRUG>
</DRUG1>
<DRUG2>
<DRUG name="PEG-INTERFERON ALFA-2A" rxcui="120608">
<ATC code="L03AB61" />
</DRUG>
</DRUG2>
<DESCRIPTION>Increased risk of peripheral neuropathy</DESCRIPTION>
<SEVERITY>CONTRAINDICATION</SEVERITY>
</INTERACTION>
</INTERACTIONS>
