<?xml version="1.0" encoding="utf-8" ?>
<INTERACTIONS>
<INTERACTION>
<SOURCE>
<CLINICAL_SOURCE>ANSM</CLINICAL_SOURCE>
<SOURCE_FILE>518-TIANEPTINE.html
</SOURCE_FILE>
</SOURCE>
<DRUG1>
<DRUG name="TIANEPTINE" rxcui="38252">
<ATC code="N06AX14" />
</DRUG>
</DRUG1>
<DRUG2>
<CLASS name="IRREVERSIBLE MONOAMINE OXIDASE INHIBITORS (MAOI)" code="N06AF0" /></DRUG2>
<DESCRIPTION>Risk of drop in blood pressure, paroxystic hypertension, hyperthermia, convulsions, death</DESCRIPTION>
<SEVERITY>Not recommended</SEVERITY>
</INTERACTION>
</INTERACTIONS>
