<?xml version="1.0" encoding="utf-8" ?>
<INTERACTIONS>
<INTERACTION>
<SOURCE>
<CLINICAL_SOURCE>ANSM</CLINICAL_SOURCE>
<SOURCE_FILE>525-TRABECTEDINE.html
</SOURCE_FILE>
</SOURCE>
<DRUG1>
<DRUG name="TRABECTEDINE" rxcui="397736">
<ATC code="L01CX0" />
</DRUG>
</DRUG1>
<DRUG2>
<DRUG name="ITRACONAZOLE" rxcui="28031">
<ATC code="J02AC02" />
</DRUG>
</DRUG2>
<DESCRIPTION>Risk of increase of the plasma concentrations of the trabectedine by the itraconazole</DESCRIPTION>
<SEVERITY>Not recommended</SEVERITY>
<COMMENT>If administering these medications together is necessary, clinical monitoring and possible adjustment of the dosage of the trabectedine during the length of the treatment with the itraconazole</COMMENT>
</INTERACTION>
</INTERACTIONS>
