<?xml version="1.0" encoding="utf-8" ?>
<INTERACTIONS>
<INTERACTION>
<SOURCE>
<CLINICAL_SOURCE>ANSM</CLINICAL_SOURCE>
<SOURCE_FILE>533-TRIPTANS-NOT-METABOLIZED-BY-THE-MAO.html
</SOURCE_FILE>
</SOURCE>
<DRUG1>
<CLASS name="TRIPTANS NOT METABOLIZED BY THE MAO" code="NO2CC-003" /></DRUG1>
<DRUG2>
<CLASS name="IRREVERSIBLE MONOAMINE OXIDASE INHIBITORS (MAOI)" code="N06AF0" /></DRUG2>
<DESCRIPTION>Risk of arterial hypertension, of constriction of the coronary arteries</DESCRIPTION>
<SEVERITY>Not recommended</SEVERITY>
</INTERACTION>
<INTERACTION>
<SOURCE>
<CLINICAL_SOURCE>ANSM</CLINICAL_SOURCE>
<SOURCE_FILE>533-TRIPTANS-NOT-METABOLIZED-BY-THE-MAO.html
</SOURCE_FILE>
</SOURCE>
<DRUG1>
<CLASS name="TRIPTANS NOT METABOLIZED BY THE MAO" code="NO2CC-003" /></DRUG1>
<DRUG2>
<CLASS name="REVERSIBLE MAOI-A, INCLUDING LINEZOLIDE AND METHYLENE BLUE" code="NO6AG-001" /></DRUG2>
<DESCRIPTION>Risk of arterial hypertension, of constriction of the coronary arteries</DESCRIPTION>
<SEVERITY>Not recommended</SEVERITY>
</INTERACTION>
<INTERACTION>
<SOURCE>
<CLINICAL_SOURCE>ANSM</CLINICAL_SOURCE>
<SOURCE_FILE>533-TRIPTANS-NOT-METABOLIZED-BY-THE-MAO.html
</SOURCE_FILE>
</SOURCE>
<DRUG1>
<CLASS name="TRIPTANS NOT METABOLIZED BY THE MAO" code="NO2CC-003" /></DRUG1>
<DRUG2>
<CLASS name="MAOI-B " code="N04BD0-001" /></DRUG2>
<DESCRIPTION>Risk of arterial hypertension, of constriction of the coronary arteries</DESCRIPTION>
<SEVERITY>Not recommended</SEVERITY>
</INTERACTION>
</INTERACTIONS>
