<?xml version="1.0" encoding="utf-8" ?>
<INTERACTIONS>
<INTERACTION>
<SOURCE>
<CLINICAL_SOURCE>ANSM</CLINICAL_SOURCE>
<SOURCE_FILE>538-VARDENAFIL.html
</SOURCE_FILE>
</SOURCE>
<DRUG1>
<DRUG name="VARDENAFIL" rxcui="306674">
<ATC code="G04BE0" />
</DRUG>
</DRUG1>
<DRUG2>
<DRUG name="GRAPEFRUIT (JUICE AND FRUIT)" >
</DRUG>
</DRUG2>
<DESCRIPTION>Increase of the plasma concentrations of the vardenafil, with risk of hypotension.</DESCRIPTION>
<SEVERITY>Not recommended</SEVERITY>
</INTERACTION>
</INTERACTIONS>
