<?xml version="1.0" encoding="utf-8" ?>
<CLASS name="ANTIHYPERTENSIVES EXCEPT ALPHA BLOCKERS" code="C0-001">
<SOURCE>
<CLINICAL_SOURCE>ANSM</CLINICAL_SOURCE>
<SOURCE_FILE>19</SOURCE_FILE>
</SOURCE>
<DRUG name="Acebutolol " rxnorm="149">
<ATC code="C07AB04" />
</DRUG>
<DRUG name="Aliskiren" rxnorm="325646">
<ATC code="C09XA02" />
<ATC code="C09XA52" />
<ATC code="C09DX02" />
</DRUG>
<DRUG name="Altizide" rxnorm="17599">
<ATC code="C03EA04" />
</DRUG>
<DRUG name="Amiloride" rxnorm="644">
<ATC code="C03DB01" />
</DRUG>
<DRUG name="Amlodipine" rxnorm="17767">
<ATC code="C08CA01" />
<ATC code="C09BB04" />
<ATC code="C09DB01" />
<ATC code="C09DB02" />
<ATC code="C10BX03" />
<ATC code="C09BB03" />
<ATC code="C09DB04" />
<ATC code="" />
</DRUG>
<DRUG name="Atenolol" rxnorm="1202">
<ATC code="C07AB03" />
</DRUG>
<DRUG name="Azilsartan" rxnorm="1091643">
<ATC code="C09CA09" />
</DRUG>
<DRUG name="Benazepril" rxnorm="18867">
<ATC code="C09AA07" />
</DRUG>
<DRUG name="Bendroflumethiazide" rxnorm="1369">
<ATC code="C03AA01" />
<ATC code="C03AB01" />
<ATC code="C03EA13" />
</DRUG>
<DRUG name="Betaxolol" rxnorm="1520">
<ATC code="C07AB05" />
</DRUG>
<DRUG name="Bisoprolol" rxnorm="19484">
<ATC code="C07AB07" />
<ATC code="C07AB57" />
</DRUG>
<DRUG name="Bumetanide" rxnorm="1808">
<ATC code="C03CA02" />
<ATC code="C03CB02" />
<ATC code="C03EB02" />
</DRUG>
<DRUG name="Candesartan cilexetil" rxnorm="214354">
<ATC code="C09CA06" />
</DRUG>
<DRUG name="Potassium canrenoate" rxnorm="618970">
<ATC code="C03DA02" />
</DRUG>
<DRUG name="Captopril" rxnorm="1998">
<ATC code="C09AA01" />
</DRUG>
<DRUG name="Carteolol" rxnorm="2116">
<ATC code="C07AA15" />
</DRUG>
<DRUG name="Celiprolol" rxnorm="20498">
<ATC code="C07AB08" />
</DRUG>
<DRUG name="Chlortalidone" rxnorm="">
<ATC code="C03BA04" />
<ATC code="C03BB04" />
<ATC code="C03EA06" />
</DRUG>
<DRUG name="Cicletanine" rxnorm="21914">
<ATC code="C03BX03" />
</DRUG>
<DRUG name="Cilazapril" rxnorm="21102">
<ATC code="C09AA08" />
<ATC code="C09BA08" />
</DRUG>
<DRUG name="Clevidipine" rxnorm="233603">
<ATC code="C08CA16" />
</DRUG>
<DRUG name="Clonidine" rxnorm="2599">
<ATC code="C02AC01" />
<ATC code="N02CX02" />
<ATC code="S01EA04" />
<ATC code="C02LC01" />
<ATC code="C02LC51" />
</DRUG>
<DRUG name="Clopamide" rxnorm="2603">
<ATC code="C03BA03" />
<ATC code="C03BB03" />
</DRUG>
<DRUG name="Dihydralazine" rxnorm="3409">
<ATC code="C02DB01" />
<ATC code="C02LG01" />
<ATC code="C02LG51" />
</DRUG>
<DRUG name="Diltiazem " rxnorm="3443">
<ATC code="C08DB01" />
</DRUG>
<DRUG name="Enalapril" rxnorm="3827">
<ATC code="C09AA02" />
<ATC code="C09BA02" />
<ATC code="C09BB02" />
<ATC code="C09BB06" />
</DRUG>
<DRUG name="Eplerenone" rxnorm="298869">
<ATC code="C03DA04" />
</DRUG>
<DRUG name="Eprosartan" rxnorm="83515">
<ATC code="C09CA02" />
<ATC code="C09DA02" />
</DRUG>
<DRUG name="Felodipine " rxnorm="4316">
<ATC code="C08CA02" />
<ATC code="C09BB05" />
</DRUG>
<DRUG name="Fosinopril" rxnorm="50166">
<ATC code="C09AA09" />
<ATC code="C09BA09" />
</DRUG>
<DRUG name="Furosemide" rxnorm="460">
<ATC code="C03CA01" />
<ATC code="C03CB01" />
<ATC code="C03EB01" />
</DRUG>
<DRUG name="Hydrochlorothiazide" rxnorm="5487">
<ATC code="C09XA52" />
<ATC code="C09XA54" />
<ATC code="C03AA03" />
<ATC code="C03AB03" />
<ATC code="C03EA01" />
<ATC code="C03AX01" />
<ATC code="C09DX03" />
<ATC code="" />
</DRUG>
<DRUG name="Indapamide" rxnorm="5764">
<ATC code="C03BA11" />
</DRUG>
<DRUG name="Irbesartan" rxnorm="83818">
<ATC code="C09CA04" />
<ATC code="C09DB05" />
<ATC code="C09DA04" />
</DRUG>
<DRUG name="Isradipine " rxnorm="33910">
<ATC code="C08CA03" />
</DRUG>
<DRUG name="Labetalol" rxnorm="6185">
<ATC code="C07AG01" />
<ATC code="C07CG01" />
<ATC code="C07BG01" />
</DRUG>
<DRUG name="Lacidipine " rxnorm="28382">
<ATC code="C08CA09" />
</DRUG>
<DRUG name="Lercanidipine" rxnorm="135056">
<ATC code="C09BB02" />
<ATC code="C08CA13" />
</DRUG>
<DRUG name="Levobunolol" rxnorm="1813">
<ATC code="S01ED03" />
</DRUG>
<DRUG name="Lisinopril" rxnorm="29046">
<ATC code="C09AA03" />
</DRUG>
<DRUG name="Losartan" rxnorm="52175">
<ATC code="C09CA01" />
<ATC code="C09DB06" />
<ATC code="C09DA01" />
</DRUG>
<DRUG name="Manidipine " rxnorm="29275">
<ATC code="C09BB12" />
<ATC code="C08CA11" />
</DRUG>
<DRUG name="Methyclothiazide" rxnorm="6860">
<ATC code="C03AA08" />
<ATC code="C03AB08" />
</DRUG>
<DRUG name="Methyldopa" rxnorm="6876">
<ATC code="C02AB" />
<ATC code="C02LB" />
<ATC code="C02AB01" />
<ATC code="C02LB01" />
<ATC code="C02AB02" />
</DRUG>
<DRUG name="Metoprolol" rxnorm="6918">
<ATC code="C07AB02" />
<ATC code="C07FB02" />
<ATC code="C07CB02" />
<ATC code="C07BB02" />
<ATC code="C07BB52" />
<ATC code="C07AB52" />
</DRUG>
<DRUG name="Moexipril" rxnorm="30131">
<ATC code="C09AA13" />
</DRUG>
<DRUG name="Moxonidin" rxnorm="30257">
<ATC code="C02AC05" />
<ATC code="C02LC05" />
</DRUG>
<DRUG name="Nadolol" rxnorm="7226">
<ATC code="C07AA12" />
</DRUG>
<DRUG name="Nebivolol" rxnorm="31555">
<ATC code="C07AB12" />
</DRUG>
<DRUG name="Nicardipine" rxnorm="7396">
<ATC code="C08CA04" />
</DRUG>
<DRUG name="Nifedipine" rxnorm="7417">
<ATC code="C08CA05" />
<ATC code="C08GA01" />
<ATC code="C08CA55" />
</DRUG>
<DRUG name="Nimodipine" rxnorm="7426">
<ATC code="C08CA06" />
</DRUG>
<DRUG name="Nitrendipine " rxnorm="7441">
<ATC code="C09BB06" />
<ATC code="C08CA08" />
</DRUG>
<DRUG name="Olmesartan" rxnorm="321064">
<ATC code="C09CA08" />
<ATC code="C09DB02" />
<ATC code="C09DA08" />
<ATC code="C09DX03" />
</DRUG>
<DRUG name="Perindopril tert-butylamine" rxnorm="">
</DRUG>
<DRUG name="Pindolol" rxnorm="8332">
<ATC code="C07AA03" />
</DRUG>
<DRUG name="Piretanide" rxnorm="33770">
<ATC code="C03CA03" />
</DRUG>
<DRUG name="Propranolol" rxnorm="8787">
<ATC code="C07AA05" />
</DRUG>
<DRUG name="Quinapril" rxnorm="35208">
<ATC code="C09AA06" />
</DRUG>
<DRUG name="Ramipril" rxnorm="35296">
<ATC code="C09AA05" />
</DRUG>
<DRUG name="Rilmenidine" rxnorm="55679">
<ATC code="C02AC06" />
</DRUG>
<DRUG name="Sotalol" rxnorm="9947">
<ATC code="C07AA07" />
</DRUG>
<DRUG name="Spironolactone" rxnorm="9997">
<ATC code="C03DA01" />
</DRUG>
<DRUG name="Telmisartan" rxnorm="73494">
<ATC code="C09CA07" />
<ATC code="C09DB04" />
<ATC code="C09DA07" />
</DRUG>
<DRUG name="Tertatolol" rxnorm="37840">
<ATC code="C07AA16" />
</DRUG>
<DRUG name="Timolol" rxnorm="10600">
<ATC code="C07AA06" />
</DRUG>
<DRUG name="Trandolapril" rxnorm="38454">
<ATC code="C09AA10" />
</DRUG>
<DRUG name="Triamterene" rxnorm="10763">
</DRUG>
<DRUG name="Valsartan" rxnorm="69749">
</DRUG>
<DRUG name="Verapamil" rxnorm="11170">
<ATC code="C09BB10" />
<ATC code="C08DA01" />
<ATC code="C08DA51" />
</DRUG>
<DRUG name="Zofenopril" rxnorm="39990">
<ATC code="C09AA15" />
<ATC code="C09BA15" />
</DRUG>
</CLASS>
