<?xml version="1.0" encoding="utf-8" ?>
<INTERACTIONS>
<INTERACTION>
<SOURCE>
<CLINICAL_SOURCE>ANSM</CLINICAL_SOURCE>
<SOURCE_FILE>88-BEDAQUILINE.html</SOURCE_FILE>
</SOURCE>
<DRUG1>
<DRUG name="BEDAQUILINE" rxcui="1364504">
<ATC code="J04AK05" />
</DRUG>
</DRUG1>
<DRUG2>
<CLASS name="ENZYMATIC INDUCERS" code="N03-J05-001" /></DRUG2>
<DESCRIPTION>Decrease of the plasma concentrations of bedaquiline due to increase of its metabolism by the inducer</DESCRIPTION>
<SEVERITY>Not recommended</SEVERITY>
</INTERACTION>
<INTERACTION>
<SOURCE>
<CLINICAL_SOURCE>ANSM</CLINICAL_SOURCE>
<SOURCE_FILE>88-BEDAQUILINE.html</SOURCE_FILE>
</SOURCE>
<DRUG1>
<DRUG name="BEDAQUILINE" rxcui="1364504">
<ATC code="J04AK05" />
</DRUG>
</DRUG1>
<DRUG2>
<CLASS name="STRONG INHIBITORS OF CYP3A4" code="J02-J05" /></DRUG2>
<DESCRIPTION>Increase of the plasma concentrations of bedaquiline due to decrease of its hepatic metabolism by the inhibitor</DESCRIPTION>
<SEVERITY>Not recommended</SEVERITY>
<COMMENT>If administering these drugs together is necessary, more frequent EKG and monitoring of transaminase levels are recommended.</COMMENT>
</INTERACTION>
<INTERACTION>
<SOURCE>
<CLINICAL_SOURCE>ANSM</CLINICAL_SOURCE>
<SOURCE_FILE>88-BEDAQUILINE.html</SOURCE_FILE>
</SOURCE>
<DRUG1>
<DRUG name="BEDAQUILINE" rxcui="1364504">
<ATC code="J04AK05" />
</DRUG>
</DRUG1>
<DRUG2>
<DRUG name="ST JOHNS WORT" >
<ATC code="258326" />
<ATC code="258326" />
<ATC code="258326" />
<ATC code="258326" />
<ATC code="258326" />
<ATC code="258326" />
<ATC code="258326" />
<ATC code="258326" />
<ATC code="258326" />
<ATC code="258326" />
<ATC code="258326" />
<ATC code="258326" />
<ATC code="258326" />
<ATC code="258326" />
<ATC code="258326" />
<ATC code="258326" />
<ATC code="258326" />
<ATC code="258326" />
<ATC code="258326" />
<ATC code="258326" />
</DRUG>
</DRUG2>
<DESCRIPTION>Risk of decrease of the plasma concentrations of bedaquiline due to increase of its metabolism by the inducer</DESCRIPTION>
<SEVERITY>Not recommended</SEVERITY>
</INTERACTION>
</INTERACTIONS>