<?xml version="1.0" encoding="utf-8" ?>
<CLASS name="AMINOPENICILLINS" code="J01CA">
<SOURCE>
<CLINICAL_SOURCE>ANSM</CLINICAL_SOURCE>
<SOURCE_FILE>9</SOURCE_FILE>
</SOURCE>
<DRUG name="Amoxicillin" rxnorm="723">
<ATC code="J01CA04" />
<ATC code="J01CR02" />
<ATC code="A02BD06" />
<ATC code="A02BD07" />
<ATC code="A02BD03" />
<ATC code="A02BD05" />
<ATC code="A02BD01" />
<ATC code="A02BD04" />
</DRUG>
<DRUG name="Ampicillin" rxnorm="733">
<ATC code="J01CA01" />
</DRUG>
<DRUG name="Ticarcillin" rxnorm="10591">
<ATC code="J01CA13" />
<ATC code="J01CR03" />
</DRUG>
</CLASS>
