<?xml version="1.0" encoding="utf-8" ?>
<CLASS name="MEDICATIONS AT THE ORIGIN OF ORTHOSTATIC HYPOTENSION" code="N05AA-001">
<SOURCE>
<CLINICAL_SOURCE>ANSM</CLINICAL_SOURCE>
<SOURCE_FILE>87</SOURCE_FILE>
</SOURCE>
<DRUG name="Alfuzosin" rxnorm="17300">
<ATC code="G04CA01" />
</DRUG>
<DRUG name="Alimemazine" rxnorm="10825">
<ATC code="R06AD01" />
</DRUG>
<DRUG name="Alizapride" rxnorm="17311">
<ATC code="A03FA05" />
</DRUG>
<DRUG name="Amantadine" rxnorm="620">
<ATC code="N04BB01" />
</DRUG>
<DRUG name="Amitriptyline" rxnorm="704">
<ATC code="N06AA09" />
<ATC code="N06CA01" />
</DRUG>
<DRUG name="Amoxapine" rxnorm="722">
</DRUG>
<DRUG name="Apomorphine" rxnorm="1043">
<ATC code="G04BE07" />
<ATC code="N04BC0" />
</DRUG>
<DRUG name="Aripiprazole" rxnorm="89013">
<ATC code="N05AX12" />
</DRUG>
<DRUG name="Avanafil" rxnorm="1291301">
<ATC code="G04BE10" />
</DRUG>
<DRUG name="Baclofen " rxnorm="1292">
<ATC code="M03BX01" />
</DRUG>
<DRUG name="Bromocriptine " rxnorm="1760">
<ATC code="G02CB01" />
<ATC code="N04BC01" />
</DRUG>
<DRUG name="Chlorpromazine " rxnorm="2403">
<ATC code="N05AA01" />
</DRUG>
<DRUG name="Clomipramine" rxnorm="2597">
<ATC code="N06AA04" />
</DRUG>
<DRUG name="Clozapine " rxnorm="2626">
<ATC code="N05AH02" />
</DRUG>
<DRUG name="Cyamemazine" rxnorm="21877">
<ATC code="N05AA06" />
</DRUG>
<DRUG name="Isosorbide dinitrate " rxnorm="6058">
<ATC code="C01DA08" />
<ATC code="C05AE02" />
</DRUG>
<DRUG name="Dosulepin" rxnorm="3634">
<ATC code="N06AA16" />
</DRUG>
<DRUG name="Doxazosin" rxnorm="49276">
<ATC code="C02CA04" />
</DRUG>
<DRUG name="Doxepin" rxnorm="3638">
<ATC code="N06AA12" />
</DRUG>
<DRUG name="Droperidol" rxnorm="3648">
<ATC code="N05AD08" />
</DRUG>
<DRUG name="Entacapone " rxnorm="60307">
<ATC code="N04BX02" />
</DRUG>
<DRUG name="Flupentixol" rxnorm="4495">
<ATC code="N05AF01" />
</DRUG>
<DRUG name="Fluphenazine" rxnorm="4496">
<ATC code="N05AB02" />
</DRUG>
<DRUG name="Haloperidol" rxnorm="5093">
<ATC code="N05AD01" />
</DRUG>
<DRUG name="Imipramine" rxnorm="5691">
<ATC code="N06AA02" />
</DRUG>
<DRUG name="Isosorbide" rxnorm="6058">
<ATC code="C01DA08" />
<ATC code="C05AE02" />
<ATC code="C01DA14" />
</DRUG>
<DRUG name="Levodopa " rxnorm="6375">
<ATC code="N04BA01" />
<ATC code="N04BA02" />
<ATC code="N04BA03" />
</DRUG>
<DRUG name="Levomepromazine" rxnorm="6852">
<ATC code="N05AA02" />
</DRUG>
<DRUG name="Lisuride" rxnorm="6446">
<ATC code="G02CB02" />
<ATC code="N02CA07" />
</DRUG>
<DRUG name="Loxapine" rxnorm="6475">
<ATC code="N05AH01" />
</DRUG>
<DRUG name="Maprotiline" rxnorm="6646">
<ATC code="N06AA21" />
</DRUG>
<DRUG name="Metopimazine" rxnorm="29954">
<ATC code="A04AD05" />
</DRUG>
<DRUG name="Molsidomine" rxnorm="7023">
<ATC code="C01DX12" />
</DRUG>
<DRUG name="Nicorandil" rxnorm="31748">
<ATC code="C01DX16" />
</DRUG>
<DRUG name="Olanzapine " rxnorm="61381">
<ATC code="N05AH03" />
</DRUG>
<DRUG name="Oxomemazine" rxnorm="234528">
<ATC code="R06AD08" />
</DRUG>
<DRUG name="Paliperidone" rxnorm="679314">
<ATC code="N05AX13" />
</DRUG>
<DRUG name="Penfluridol" rxnorm="7974">
<ATC code="N05AG03" />
</DRUG>
<DRUG name="Pergolide" rxnorm="8047">
<ATC code="N04BC02" />
</DRUG>
<DRUG name="Pimozide" rxnorm="8331">
<ATC code="N05AG02" />
</DRUG>
<DRUG name="Pipamperone" rxnorm="33739">
<ATC code="N05AD05" />
</DRUG>
<DRUG name="Pipotiazine" rxnorm="8348">
<ATC code="N05AC04" />
</DRUG>
<DRUG name="Piribedil " rxnorm="8353">
<ATC code="N04BC08" />
</DRUG>
<DRUG name="Pramipexole" rxnorm="746741">
<ATC code="N04BC05" />
</DRUG>
<DRUG name="Prazosin" rxnorm="8629">
<ATC code="C02CA01" />
<ATC code="C02LE01" />
</DRUG>
<DRUG name="Promethazine" rxnorm="8745">
<ATC code="V03AB05" />
<ATC code="D04AA10" />
<ATC code="R06AD02" />
</DRUG>
<DRUG name="Propericiazine" rxnorm="8766">
<ATC code="N05AC01" />
</DRUG>
<DRUG name="Quetiapine" rxnorm="51272">
<ATC code="N05AH04" />
</DRUG>
<DRUG name="Rasagiline " rxnorm="134748">
<ATC code="N04BD02" />
</DRUG>
<DRUG name="Riociguat" rxnorm="1439816">
<ATC code="C02KX05" />
</DRUG>
<DRUG name="Risperidone " rxnorm="35636">
<ATC code="N05AX08" />
</DRUG>
<DRUG name="Ropinirole " rxnorm="72302">
<ATC code="N04BC04" />
</DRUG>
<DRUG name="Selegiline" rxnorm="9639">
<ATC code="N04BD01" />
</DRUG>
<DRUG name="Sildenafil" rxnorm="136411">
<ATC code="G04BE03" />
</DRUG>
<DRUG name="Silodosin" rxnorm="720825">
<ATC code="G04CA04" />
</DRUG>
<DRUG name="Sulpiride" rxnorm="10239">
<ATC code="N05AL01" />
</DRUG>
<DRUG name="Tadalafil" rxnorm="358263">
<ATC code="G04BE08" />
</DRUG>
<DRUG name="Tamsulosin" rxnorm="77492">
<ATC code="G04CA02" />
</DRUG>
<DRUG name="Terazosin" rxnorm="37798">
<ATC code="G04CA03" />
</DRUG>
<DRUG name="Tiapride" rxnorm="10588">
<ATC code="N05AL03" />
</DRUG>
<DRUG name="Tolcapone" rxnorm="72937">
<ATC code="N04BX01" />
</DRUG>
<DRUG name="Trimipramine" rxnorm="10834">
<ATC code="N06AA06" />
</DRUG>
<DRUG name="Trinitrine" rxnorm="">
</DRUG>
<DRUG name="Vardenafil" rxnorm="306674">
<ATC code="G04BE09" />
</DRUG>
<DRUG name="Vortioxetine" rxnorm="1455099">
<ATC code="N06AX26" />
</DRUG>
<DRUG name="Zuclopenthixol" rxnorm="114176">
<ATC code="N05AF05" />
</DRUG>
</CLASS>
