<?xml version="1.0" encoding="utf-8" ?>
<CLASS name="NEUROLEPTICS THAT TEND TO INDUCE TORSADES DE POINTES" code="N05A-002">
<SOURCE>
<CLINICAL_SOURCE>ANSM</CLINICAL_SOURCE>
<SOURCE_FILE>101</SOURCE_FILE>
</SOURCE>
<DRUG name="Amisulpride" rxnorm="46303">
<ATC code="N05AL05" />
</DRUG>
<DRUG name="Chlorpromazine " rxnorm="2403">
<ATC code="N05AA01" />
</DRUG>
<DRUG name="Cyamemazine" rxnorm="21877">
<ATC code="N05AA06" />
</DRUG>
<DRUG name="Droperidol" rxnorm="3648">
<ATC code="N05AD08" />
</DRUG>
<DRUG name="Flupentixol" rxnorm="4495">
<ATC code="N05AF01" />
</DRUG>
<DRUG name="Fluphenazine" rxnorm="4496">
<ATC code="N05AB02" />
</DRUG>
<DRUG name="Haloperidol" rxnorm="5093">
<ATC code="N05AD01" />
</DRUG>
<DRUG name="Levomepromazine" rxnorm="6852">
<ATC code="N05AA02" />
</DRUG>
<DRUG name="Pimozide" rxnorm="8331">
<ATC code="N05AG02" />
</DRUG>
<DRUG name="Pipamperone" rxnorm="33739">
<ATC code="N05AD05" />
</DRUG>
<DRUG name="Pipotiazine" rxnorm="8348">
<ATC code="N05AC04" />
</DRUG>
<DRUG name="Sulpiride" rxnorm="10239">
<ATC code="N05AL01" />
</DRUG>
<DRUG name="Tiapride" rxnorm="10588">
<ATC code="N05AL03" />
</DRUG>
<DRUG name="Zuclopenthixol" rxnorm="114176">
<ATC code="N05AF05" />
</DRUG>
</CLASS>
