<?xml version="1.0" encoding="utf-8" ?>
<CLASS name="ORAL ANTICOAGULANTS " code="B01A-001">
<SOURCE>
<CLINICAL_SOURCE>ANSM</CLINICAL_SOURCE>
<SOURCE_FILE>112</SOURCE_FILE>
</SOURCE>
<DRUG name="Acenocoumarol" rxnorm="154">
<ATC code="B01AA07" />
</DRUG>
<DRUG name="Apixaban" rxnorm="1364430">
<ATC code="B01AF02" />
</DRUG>
<DRUG name="Dabigatran" rxnorm="1037042">
<ATC code="B01AE07" />
</DRUG>
<DRUG name="Fluindione" rxnorm="50097">
<ATC code="B01AA12" />
</DRUG>
<DRUG name="Phenindione" rxnorm="8130">
<ATC code="B01AA02" />
</DRUG>
<DRUG name="Rivaroxaban" rxnorm="1114195">
<ATC code="B01AF01" />
</DRUG>
<DRUG name="Warfarin" rxnorm="11289">
<ATC code="B01AA03" />
</DRUG>
</CLASS>
