<?xml version="1.0" encoding="utf-8" ?>
<CLASS name="SUBSTANCES WITH ABSORPTION REDUCED BY GASTRO-INTESTINAL TARGETED MEDICATIONS, ANTACIDS, AND ABSORBANTS " code="RBGI">
<SOURCE>
<CLINICAL_SOURCE>ANSM</CLINICAL_SOURCE>
<SOURCE_FILE>137</SOURCE_FILE>
</SOURCE>
<DRUG name="Acetylsalicylic acid" rxnorm="">
<ATC code="A01AD05" />
<ATC code="B01AC06" />
<ATC code="C10BX01" />
<ATC code="C10BX02" />
<ATC code="C10BX04" />
<ATC code="M01BA03" />
<ATC code="N02BA01" />
</DRUG>
<DRUG name="Alendronic Acid" rxnorm="236083">
<ATC code="M05BA04" />
</DRUG>
<DRUG name="Clodronic acid" rxnorm="3350">
<ATC code="M05BA02" />
</DRUG>
<DRUG name="Etidronic acid" rxnorm="1356715">
<ATC code="M05BA01" />
</DRUG>
<DRUG name="Ibandronic Acid" rxnorm="115265">
<ATC code="M05BA06" />
</DRUG>
<DRUG name="Oxidronic acid" rxnorm="1546448">
<ATC code="V09BA01" />
</DRUG>
<DRUG name="Pamidronic acid" rxnorm="1546406">
<ATC code="M05BA03" />
</DRUG>
<DRUG name="Risedronic acid" rxnorm="55685">
<ATC code="M05BA07" />
</DRUG>
<DRUG name="Tiludronic acid" rxnorm="11476">
</DRUG>
<DRUG name="Zoledronic acid" rxnorm="77655">
<ATC code="M05BA08" />
</DRUG>
<DRUG name="Alimemazine" rxnorm="10825">
<ATC code="R06AD01" />
</DRUG>
<DRUG name="Atenolol" rxnorm="1202">
<ATC code="C07AB03" />
</DRUG>
<DRUG name="Betamethasone" rxnorm="1514">
</DRUG>
<DRUG name="Budesonide" rxnorm="19831">
<ATC code="A07EA06" />
<ATC code="D07AC09" />
<ATC code="R01AD05" />
<ATC code="R03BA02" />
</DRUG>
<DRUG name="Cation Exchange Resins" rxnorm="2161">
<ATC code="V04CG01" />
</DRUG>
<DRUG name="Chloroquine" rxnorm="2393">
<ATC code="P01BA01" />
</DRUG>
<DRUG name="Chlorpromazine " rxnorm="2403">
<ATC code="N05AA01" />
</DRUG>
<DRUG name="Chlortetracycline" rxnorm="2408">
<ATC code="A01AB21" />
<ATC code="D06AA02" />
<ATC code="J01AA03" />
<ATC code="S01AA02" />
</DRUG>
<DRUG name="Cimetidine " rxnorm="2541">
<ATC code="A02BA01" />
</DRUG>
<DRUG name="Ciprofloxacin" rxnorm="2551">
<ATC code="J01MA02" />
<ATC code="S01AE03" />
<ATC code="S02AA15" />
<ATC code="S03AA07" />
</DRUG>
<DRUG name="Clindamycin" rxnorm="2582">
<ATC code="D10AF01" />
<ATC code="G01AA10" />
<ATC code="J01FF01" />
</DRUG>
<DRUG name="Cortisone" rxnorm="2878">
<ATC code="H02AB10" />
<ATC code="S01BA03" />
</DRUG>
<DRUG name="Cyamemazine" rxnorm="21877">
<ATC code="N05AA06" />
</DRUG>
<DRUG name="Demeclocycline" rxnorm="3154">
<ATC code="D06AA01" />
<ATC code="J01AA01" />
</DRUG>
<DRUG name="Dexamethasone" rxnorm="3264">
<ATC code="A01AC02" />
<ATC code="C05AA09" />
<ATC code="D07AB19" />
<ATC code="D07XB05" />
<ATC code="D10AA03" />
<ATC code="H02AB02" />
<ATC code="R01AD03" />
<ATC code="S01BA01" />
<ATC code="S01CB01" />
<ATC code="S02BA06" />
<ATC code="S03BA01" />
<ATC code="D07CB04" />
<ATC code="S01CA01" />
<ATC code="S02CA06" />
<ATC code="S03CA01" />
</DRUG>
<DRUG name="Digoxin " rxnorm="3407">
<ATC code="C01AA05" />
</DRUG>
<DRUG name="Dolutegravir" rxnorm="1433868">
<ATC code="J05AX12" />
</DRUG>
<DRUG name="Doxycycline" rxnorm="3640">
<ATC code="A01AB22" />
<ATC code="J01AA02" />
</DRUG>
<DRUG name="Elvitegravir" rxnorm="1306286">
<ATC code="J05AX11" />
</DRUG>
<DRUG name="Enoxacine" rxnorm="3925">
<ATC code="J01MA04" />
</DRUG>
<DRUG name="Ethambutol" rxnorm="4110">
</DRUG>
<DRUG name="Famotidine" rxnorm="4278">
<ATC code="A02BA03" />
</DRUG>
<DRUG name="Iron " rxnorm="1431589">
<ATC code="B03A" />
</DRUG>
<DRUG name="Fexofenadine" rxnorm="87636">
<ATC code="R06AX26" />
</DRUG>
<DRUG name="Fluor" rxnorm="">
</DRUG>
<DRUG name="Fluphenazine" rxnorm="4496">
<ATC code="N05AB02" />
</DRUG>
<DRUG name="Isoniazid " rxnorm="6038">
<ATC code="J04AM03" />
<ATC code="J04AC01" />
<ATC code="J04AM02" />
<ATC code="J04AM05" />
<ATC code="J04AM06" />
<ATC code="J04AM01" />
<ATC code="J04AM04" />
</DRUG>
<DRUG name="Lansoprazole" rxnorm="17128">
<ATC code="A02BC03" />
<ATC code="A02BD07" />
<ATC code="A02BD03" />
<ATC code="A02BD02" />
</DRUG>
<DRUG name="Ledipasvir" rxnorm="1591922">
</DRUG>
<DRUG name="Levofloxacin" rxnorm="82122">
<ATC code="J01MA12" />
<ATC code="S01AE05" />
</DRUG>
<DRUG name="Levomepromazine" rxnorm="6852">
<ATC code="N05AA02" />
</DRUG>
<DRUG name="Levothyroxine" rxnorm="">
</DRUG>
<DRUG name="Lincomycin" rxnorm="6398">
<ATC code="J01FF02" />
</DRUG>
<DRUG name="Liothyronine sodium" rxnorm="">
<ATC code="H03AA02" />
</DRUG>
<DRUG name="Lomefloxacin" rxnorm="28872">
<ATC code="J01MA07" />
<ATC code="S01AE04" />
</DRUG>
<DRUG name="Lymecycline" rxnorm="6513">
<ATC code="J01AA04" />
</DRUG>
<DRUG name="Methylenecycline" rxnorm="">
</DRUG>
<DRUG name="Methylprednisolone" rxnorm="6902">
<ATC code="D07AA01" />
<ATC code="D10AA02" />
<ATC code="H02AB04" />
<ATC code="D07CA02" />
<ATC code="S01CA08" />
<ATC code="H02BX01" />
</DRUG>
<DRUG name="Metopimazine" rxnorm="29954">
<ATC code="A04AD05" />
</DRUG>
<DRUG name="Metoprolol" rxnorm="6918">
<ATC code="C07AB02" />
<ATC code="C07FB02" />
<ATC code="C07CB02" />
<ATC code="C07BB02" />
</DRUG>
<DRUG name="Minocycline" rxnorm="6980">
<ATC code="A01AB23" />
<ATC code="J01AA08" />
</DRUG>
<DRUG name="Moxifloxacin" rxnorm="139462">
<ATC code="J01MA14" />
<ATC code="S01AE07" />
</DRUG>
<DRUG name="Nizatidine" rxnorm="42319">
<ATC code="A02BA04" />
</DRUG>
<DRUG name="Norfloxacin" rxnorm="7517">
<ATC code="J01MA06" />
<ATC code="S01AE02" />
</DRUG>
<DRUG name="Ofloxacin" rxnorm="7623">
<ATC code="J01MA01" />
<ATC code="S01AE01" />
<ATC code="S02AA16" />
</DRUG>
<DRUG name="Oxomemazine" rxnorm="234528">
<ATC code="R06AD08" />
</DRUG>
<DRUG name="Oxytetracycline" rxnorm="7821">
<ATC code="D06AA03" />
<ATC code="G01AA07" />
<ATC code="J01AA06" />
<ATC code="S01AA04" />
</DRUG>
<DRUG name="Pefloxacin" rxnorm="7960">
<ATC code="J01MA03" />
</DRUG>
<DRUG name="Penicillamine" rxnorm="7975">
<ATC code="M01CC01" />
</DRUG>
<DRUG name="Phosphorus" rxnorm="8263">
</DRUG>
<DRUG name="Piperazine" rxnorm="8340">
<ATC code="P02CB" />
<ATC code="P02CB01" />
</DRUG>
<DRUG name="Pipotiazine" rxnorm="8348">
<ATC code="N05AC04" />
</DRUG>
<DRUG name="Prednisolone" rxnorm="8638">
<ATC code="A07EA01" />
<ATC code="C05AA04" />
<ATC code="D07AA03" />
<ATC code="D07XA02" />
<ATC code="H02AB06" />
<ATC code="R01AD02" />
<ATC code="S01BA04" />
<ATC code="S01CB02" />
<ATC code="S02BA03" />
<ATC code="S03BA02" />
<ATC code="D07CA03" />
<ATC code="S01CA02" />
<ATC code="S02CA01" />
<ATC code="S03CA02" />
<ATC code="D07BA01" />
<ATC code="S01BB02" />
<ATC code="V03AB05" />
<ATC code="A01AC54" />
</DRUG>
<DRUG name="Prednisone" rxnorm="8640">
<ATC code="A07EA03" />
<ATC code="H02AB07" />
</DRUG>
<DRUG name="Proguanil" rxnorm="2382">
<ATC code="P01BB01" />
</DRUG>
<DRUG name="Promethazine" rxnorm="8745">
<ATC code="V03AB05" />
<ATC code="D04AA10" />
<ATC code="R06AD02" />
</DRUG>
<DRUG name="Propericiazine" rxnorm="8766">
<ATC code="N05AC01" />
</DRUG>
<DRUG name="Propranolol " rxnorm="8787">
<ATC code="C07AA05" />
</DRUG>
<DRUG name="Ranitidine" rxnorm="9143">
<ATC code="A02BA02" />
</DRUG>
<DRUG name="Rosuvastatin " rxnorm="301542">
<ATC code="C10AA07" />
</DRUG>
<DRUG name="Sulpiride " rxnorm="10239">
<ATC code="N05AL01" />
</DRUG>
<DRUG name="Teriflunomide" rxnorm="1310520">
<ATC code="L04AA31" />
</DRUG>
<DRUG name="Tetracycline" rxnorm="10395">
<ATC code="A02BD08" />
<ATC code="J01AA20" />
<ATC code="A02BD02" />
<ATC code="A01AB13" />
<ATC code="D06AA04" />
<ATC code="J01AA07" />
<ATC code="S01AA09" />
<ATC code="S02AA08" />
<ATC code="S03AA02" />
</DRUG>
<DRUG name="Thyroxines" rxnorm="">
</DRUG>
<DRUG name="Tigecycline" rxnorm="384455">
<ATC code="J01AA12" />
</DRUG>
<DRUG name="Tiratricol" rxnorm="13982">
</DRUG>
<DRUG name="Triamcinolone" rxnorm="10759">
<ATC code="A01AC01" />
<ATC code="C05AA12" />
<ATC code="D07AB09" />
<ATC code="D07XB02" />
<ATC code="H02AB08" />
<ATC code="R01AD11" />
<ATC code="R03BA06" />
<ATC code="S01BA05" />
<ATC code="D07CB01" />
<ATC code="S02CA04" />
<ATC code="D07BB03" />
</DRUG>
<DRUG name="Ulipristal" rxnorm="1005921">
<ATC code="G03AD02" />
</DRUG>
</CLASS>
