<?xml version="1.0" encoding="utf-8" ?>
<CLASS name="TRIPTANS" code="N02CC-001">
<SOURCE>
<CLINICAL_SOURCE>ANSM</CLINICAL_SOURCE>
<SOURCE_FILE>146</SOURCE_FILE>
</SOURCE>
<DRUG name="Almotriptan" rxnorm="279645">
<ATC code="N02CC05" />
</DRUG>
<DRUG name="Eletriptan" rxnorm="231049">
<ATC code="N02CC06" />
</DRUG>
<DRUG name="Frovatriptan" rxnorm="228783">
<ATC code="N02CC07" />
</DRUG>
<DRUG name="Naratriptan" rxnorm="141366">
<ATC code="N02CC02" />
</DRUG>
<DRUG name="Rizatriptan" rxnorm="88014">
<ATC code="N02CC04" />
</DRUG>
<DRUG name="Sumatriptan" rxnorm="37418">
<ATC code="N02CC01" />
</DRUG>
<DRUG name="Zolmitriptan" rxnorm="135775">
<ATC code="N02CC03" />
</DRUG>
</CLASS>
