<?xml version="1.0" encoding="utf-8" ?>
<CLASS name="ALPHA AND BETA SYMPATHOMIMETICS (IM AND IV ROUTES)" code="C01CA">
<SOURCE>
<CLINICAL_SOURCE>ANSM</CLINICAL_SOURCE>
<SOURCE_FILE>4</SOURCE_FILE>
</SOURCE>
<DRUG name="Epinephrine is the name for Adrenaline searchable on the ATC search engine. " rxnorm="3992">
<ATC code="A01AD01" />
<ATC code="B02BC09" />
<ATC code="C01CA24" />
<ATC code="R01AA14" />
<ATC code="R03AA01" />
<ATC code="R03AK01" />
<ATC code="S01EA01" />
</DRUG>
<DRUG name="Dopamine" rxnorm="3628">
<ATC code="C01CA04" />
</DRUG>
<DRUG name="Norepinephrine is the searchable name for Noradrenaline" rxnorm="7512">
<ATC code="C01CA03" />
</DRUG>
</CLASS>
