<?xml version="1.0" encoding="utf-8" ?>
<CLASS name="CALCIUM CHANNEL BLOCKERS " code="CO8CA-001">
<SOURCE>
<CLINICAL_SOURCE>ANSM</CLINICAL_SOURCE>
<SOURCE_FILE>40</SOURCE_FILE>
</SOURCE>
<DRUG name="Amlodipine" rxnorm="17767">
<ATC code="C08CA01" />
</DRUG>
<DRUG name="Clevidipine" rxnorm="233603">
<ATC code="C08CA16" />
</DRUG>
<DRUG name="Diltiazem " rxnorm="3443">
<ATC code="C05AE03" />
<ATC code="C08DB01" />
</DRUG>
<DRUG name="Felodipine " rxnorm="4316">
<ATC code="C08CA02" />
</DRUG>
<DRUG name="Isradipine " rxnorm="33910">
<ATC code="C08CA03" />
</DRUG>
<DRUG name="Lacidipine " rxnorm="28382">
<ATC code="C08CA09" />
</DRUG>
<DRUG name="Lercanidipine" rxnorm="135056">
<ATC code="C08CA13" />
</DRUG>
<DRUG name="Manidipine " rxnorm="29275">
<ATC code="C08CA11" />
</DRUG>
<DRUG name="Nicardipine" rxnorm="7396">
<ATC code="C08CA04" />
</DRUG>
<DRUG name="Nifedipine" rxnorm="7417">
<ATC code="C08CA05" />
</DRUG>
<DRUG name="Nimodipine" rxnorm="7426">
<ATC code="C08CA06" />
</DRUG>
<DRUG name="Nitrendipine " rxnorm="7441">
<ATC code="C08CA08" />
</DRUG>
<DRUG name="Verapamil" rxnorm="11170">
<ATC code="C08DA01" />
</DRUG>
</CLASS>
